"VOT","Participant","Item","Condition"
43.3702005190919,"subj1","item1","Slow"
39.1187515443671,"subj1","item2","Fast"
34.1823470438349,"subj1","item3","Slow"
30.4693096949531,"subj1","item4","Fast"
19.9801437408812,"subj1","item5","Slow"
37.1710732560594,"subj1","item6","Fast"
24.4840677118913,"subj1","item7","Slow"
46.9807138411258,"subj1","item8","Fast"
37.2327166431248,"subj1","item9","Slow"
28.4736995175852,"subj1","item10","Fast"
39.355118941845,"subj1","item11","Slow"
38.3584361261626,"subj1","item12","Fast"
29.7630794842181,"subj1","item13","Slow"
26.1054615244887,"subj1","item14","Fast"
13.6131139784205,"subj1","item15","Slow"
31.6125367284931,"subj1","item16","Fast"
27.2819117872294,"subj1","item17","Slow"
47.1704913214928,"subj1","item18","Fast"
26.4742705160899,"subj1","item19","Slow"
41.2946819974088,"subj1","item20","Fast"
47.5183630195366,"subj1","item21","Slow"
31.3528478161084,"subj1","item22","Fast"
23.4748357447104,"subj1","item23","Slow"
34.6233935077108,"subj1","item24","Fast"
26.9734063973311,"subj1","item25","Slow"
26.7056100976331,"subj1","item26","Fast"
34.0541698085449,"subj1","item27","Slow"
38.3367956787798,"subj1","item28","Fast"
36.204973776833,"subj1","item29","Slow"
21.5010941028028,"subj1","item30","Fast"
31.4341795750505,"subj1","item31","Slow"
17.7997123197875,"subj1","item32","Fast"
41.1034160127854,"subj1","item33","Slow"
48.2864750672325,"subj1","item34","Fast"
37.8432901135563,"subj1","item35","Slow"
36.3928832372539,"subj1","item36","Fast"
24.9536664385937,"subj1","item37","Slow"
56.9276015764259,"subj1","item38","Fast"
40.3063922706735,"subj1","item39","Slow"
28.0012030621853,"subj1","item40","Fast"
21.3946165128056,"subj1","item41","Slow"
33.4142649976564,"subj1","item42","Fast"
20.1954606326043,"subj1","item43","Slow"
38.0697383253807,"subj1","item44","Fast"
21.5177451659872,"subj1","item45","Slow"
50.9564954230212,"subj1","item46","Fast"
37.1320537709031,"subj1","item47","Slow"
32.5518577232999,"subj1","item48","Fast"
29.3206529429102,"subj2","item1","Fast"
20.1265035841876,"subj2","item2","Slow"
21.2841500038241,"subj2","item3","Fast"
20.6883776808381,"subj2","item4","Slow"
29.4179334851835,"subj2","item5","Fast"
23.4358716678002,"subj2","item6","Slow"
30.4957623637625,"subj2","item7","Fast"
37.1581692159889,"subj2","item8","Slow"
22.1002692744102,"subj2","item9","Fast"
33.0114392526786,"subj2","item10","Slow"
29.0818473585428,"subj2","item11","Fast"
23.5104052118503,"subj2","item12","Slow"
17.8279327182902,"subj2","item13","Fast"
11.8119713251059,"subj2","item14","Slow"
15.9009108840811,"subj2","item15","Fast"
20.5204773722856,"subj2","item16","Slow"
35.2713052038884,"subj2","item17","Fast"
32.8620741325264,"subj2","item18","Slow"
28.0021078025545,"subj2","item19","Fast"
32.9432301318139,"subj2","item20","Slow"
32.2871063836336,"subj2","item21","Fast"
20.7516269835035,"subj2","item22","Slow"
28.721920929431,"subj2","item23","Fast"
25.4543153463772,"subj2","item24","Slow"
37.0326393726158,"subj2","item25","Fast"
24.5097028797081,"subj2","item26","Slow"
15.2235917897771,"subj2","item27","Fast"
17.9870145665393,"subj2","item28","Slow"
-2.34161043456412,"subj2","item29","Fast"
18.3461181105454,"subj2","item30","Slow"
36.6257308599314,"subj2","item31","Fast"
18.8860665048937,"subj2","item32","Slow"
26.8459323016923,"subj2","item33","Fast"
42.6642252133925,"subj2","item34","Slow"
20.7730261509017,"subj2","item35","Fast"
28.2435164583854,"subj2","item36","Slow"
28.4177776711212,"subj2","item37","Fast"
27.4294027071483,"subj2","item38","Slow"
16.8227361468255,"subj2","item39","Fast"
16.237454024936,"subj2","item40","Slow"
21.909771822064,"subj2","item41","Fast"
15.6952238727924,"subj2","item42","Slow"
19.0755635731857,"subj2","item43","Fast"
38.0958661276985,"subj2","item44","Slow"
24.524826663192,"subj2","item45","Fast"
27.8989824586097,"subj2","item46","Slow"
32.9489178697496,"subj2","item47","Fast"
19.1836699360099,"subj2","item48","Slow"
30.5083684085899,"subj3","item1","Slow"
31.5722677646785,"subj3","item2","Fast"
32.336510962946,"subj3","item3","Slow"
20.057157060784,"subj3","item4","Fast"
22.4270782464916,"subj3","item5","Slow"
43.3411045387491,"subj3","item6","Fast"
42.2199897038132,"subj3","item7","Slow"
29.785706362518,"subj3","item8","Fast"
43.0836606462288,"subj3","item9","Slow"
38.7722134596729,"subj3","item10","Fast"
17.4780712442321,"subj3","item11","Slow"
14.4175026776873,"subj3","item12","Fast"
46.2416329736838,"subj3","item13","Slow"
11.984975258315,"subj3","item14","Fast"
32.8353974766379,"subj3","item15","Slow"
38.6867929797196,"subj3","item16","Fast"
44.7231314540631,"subj3","item17","Slow"
23.9410290660849,"subj3","item18","Fast"
38.4898603447842,"subj3","item19","Slow"
16.5341639305745,"subj3","item20","Fast"
34.7673213349204,"subj3","item21","Slow"
39.6985758282061,"subj3","item22","Fast"
46.5796016294053,"subj3","item23","Slow"
24.589445648422,"subj3","item24","Fast"
29.4590379770078,"subj3","item25","Slow"
34.6139823305682,"subj3","item26","Fast"
31.0004092730075,"subj3","item27","Slow"
36.8627059619842,"subj3","item28","Fast"
25.1141333042441,"subj3","item29","Slow"
23.3114582032758,"subj3","item30","Fast"
23.2499161303834,"subj3","item31","Slow"
32.29843811807,"subj3","item32","Fast"
31.9088950643674,"subj3","item33","Slow"
46.2213241427609,"subj3","item34","Fast"
44.3002121726362,"subj3","item35","Slow"
43.6100379323299,"subj3","item36","Fast"
27.7921805822617,"subj3","item37","Slow"
36.3475810814309,"subj3","item38","Fast"
35.9917441228784,"subj3","item39","Slow"
20.8872037582475,"subj3","item40","Fast"
33.3766742809676,"subj3","item41","Slow"
25.5312942035852,"subj3","item42","Fast"
34.642675864866,"subj3","item43","Slow"
28.5429025157689,"subj3","item44","Fast"
37.3483671809513,"subj3","item45","Slow"
39.3291884868842,"subj3","item46","Fast"
26.6789745579799,"subj3","item47","Slow"
10.6126329050857,"subj3","item48","Fast"
32.4185321102323,"subj4","item1","Fast"
45.9511454981657,"subj4","item2","Slow"
27.1989959585992,"subj4","item3","Fast"
37.3792584952093,"subj4","item4","Slow"
48.4495181098746,"subj4","item5","Fast"
39.6037134706164,"subj4","item6","Slow"
38.0043498718545,"subj4","item7","Fast"
23.651653168332,"subj4","item8","Slow"
26.3256183072895,"subj4","item9","Fast"
35.5356559247802,"subj4","item10","Slow"
41.1627171566866,"subj4","item11","Fast"
39.167426956272,"subj4","item12","Slow"
29.0116678854417,"subj4","item13","Fast"
36.0431938749719,"subj4","item14","Slow"
25.001952253664,"subj4","item15","Fast"
37.202965220858,"subj4","item16","Slow"
32.0095496589335,"subj4","item17","Fast"
35.1604167425421,"subj4","item18","Slow"
37.6003147322402,"subj4","item19","Fast"
28.2556207614519,"subj4","item20","Slow"
50.4163551996948,"subj4","item21","Fast"
16.0849522120901,"subj4","item22","Slow"
27.6264142641547,"subj4","item23","Fast"
30.0609984928198,"subj4","item24","Slow"
38.0839459073338,"subj4","item25","Fast"
39.7294008518256,"subj4","item26","Slow"
28.0687434319418,"subj4","item27","Fast"
42.2174255967116,"subj4","item28","Slow"
18.4040869632991,"subj4","item29","Fast"
43.5953996754862,"subj4","item30","Slow"
24.978267183404,"subj4","item31","Fast"
58.5651765884979,"subj4","item32","Slow"
41.7930293771472,"subj4","item33","Fast"
46.0409263338031,"subj4","item34","Slow"
39.5678177102135,"subj4","item35","Fast"
42.9957020728269,"subj4","item36","Slow"
35.428819370081,"subj4","item37","Fast"
38.4864889179388,"subj4","item38","Slow"
18.0748787565386,"subj4","item39","Fast"
35.1667142313148,"subj4","item40","Slow"
48.203580441175,"subj4","item41","Fast"
40.197798960393,"subj4","item42","Slow"
34.0192618655746,"subj4","item43","Fast"
32.1145489332873,"subj4","item44","Slow"
36.4375708813653,"subj4","item45","Fast"
37.208237174584,"subj4","item46","Slow"
20.1860873252407,"subj4","item47","Fast"
36.3567693747748,"subj4","item48","Slow"
39.4593420373927,"subj5","item1","Slow"
44.7606225165108,"subj5","item2","Fast"
40.7793339773917,"subj5","item3","Slow"
19.088430371252,"subj5","item4","Fast"
35.4407173924983,"subj5","item5","Slow"
34.2091833582324,"subj5","item6","Fast"
33.8652882383435,"subj5","item7","Slow"
52.3252843221967,"subj5","item8","Fast"
52.4215796237278,"subj5","item9","Slow"
38.3316496834906,"subj5","item10","Fast"
26.8483350538263,"subj5","item11","Slow"
28.6307976388599,"subj5","item12","Fast"
36.4281920268167,"subj5","item13","Slow"
32.3434901790518,"subj5","item14","Fast"
25.3840822357341,"subj5","item15","Slow"
29.3081094286247,"subj5","item16","Fast"
30.2669709860341,"subj5","item17","Slow"
28.4431413316602,"subj5","item18","Fast"
33.88663457715,"subj5","item19","Slow"
61.7186165324106,"subj5","item20","Fast"
19.2746840477254,"subj5","item21","Slow"
36.3350310974987,"subj5","item22","Fast"
33.3552573526023,"subj5","item23","Slow"
39.4432112663066,"subj5","item24","Fast"
20.7665404807652,"subj5","item25","Slow"
43.006981921718,"subj5","item26","Fast"
22.4867000061676,"subj5","item27","Slow"
50.7277897340976,"subj5","item28","Fast"
35.1902490021073,"subj5","item29","Slow"
43.4051261472855,"subj5","item30","Fast"
36.7095351039922,"subj5","item31","Slow"
37.7203784875255,"subj5","item32","Fast"
22.4169435767555,"subj5","item33","Slow"
34.9556889018734,"subj5","item34","Fast"
25.6171365644805,"subj5","item35","Slow"
23.5150285455074,"subj5","item36","Fast"
38.3354815595909,"subj5","item37","Slow"
35.7969373772216,"subj5","item38","Fast"
40.2599785289149,"subj5","item39","Slow"
19.7100998036654,"subj5","item40","Fast"
33.9969081637315,"subj5","item41","Slow"
41.0772751415902,"subj5","item42","Fast"
42.3692472545566,"subj5","item43","Slow"
31.8061062735213,"subj5","item44","Fast"
40.8120715738305,"subj5","item45","Slow"
41.9915855809721,"subj5","item46","Fast"
49.7309993378684,"subj5","item47","Slow"
41.6470767628439,"subj5","item48","Fast"
22.1611164612227,"subj6","item1","Fast"
34.9562725789651,"subj6","item2","Slow"
9.41053429051312,"subj6","item3","Fast"
34.1745605775258,"subj6","item4","Slow"
28.4888169161228,"subj6","item5","Fast"
24.190569740442,"subj6","item6","Slow"
30.5016416358176,"subj6","item7","Fast"
24.826469260084,"subj6","item8","Slow"
26.7853152266477,"subj6","item9","Fast"
40.9109019833176,"subj6","item10","Slow"
26.6226734668743,"subj6","item11","Fast"
17.0616474071606,"subj6","item12","Slow"
11.4006882513253,"subj6","item13","Fast"
23.831364252335,"subj6","item14","Slow"
4.98027934841717,"subj6","item15","Fast"
5.76977832435846,"subj6","item16","Slow"
16.3408216753324,"subj6","item17","Fast"
17.0172251095427,"subj6","item18","Slow"
39.6987352352029,"subj6","item19","Fast"
20.1554854520898,"subj6","item20","Slow"
7.96789856301807,"subj6","item21","Fast"
31.064744281619,"subj6","item22","Slow"
38.5046400315431,"subj6","item23","Fast"
21.7328642426151,"subj6","item24","Slow"
29.8843582363113,"subj6","item25","Fast"
37.0607933541738,"subj6","item26","Slow"
-4.33626051500735,"subj6","item27","Fast"
8.11743120252081,"subj6","item28","Slow"
-15.7166369777499,"subj6","item29","Fast"
20.6732498717641,"subj6","item30","Slow"
17.1106819615089,"subj6","item31","Fast"
24.2995574933076,"subj6","item32","Slow"
24.7932227002038,"subj6","item33","Fast"
19.1726337971043,"subj6","item34","Slow"
28.0088634009209,"subj6","item35","Fast"
20.5677508044504,"subj6","item36","Slow"
34.2306506639179,"subj6","item37","Fast"
31.1286810546694,"subj6","item38","Slow"
16.7490147174136,"subj6","item39","Fast"
1.84356711393751,"subj6","item40","Slow"
22.196083510805,"subj6","item41","Fast"
22.1823237721901,"subj6","item42","Slow"
14.8206189049553,"subj6","item43","Fast"
46.6483454499273,"subj6","item44","Slow"
24.4894034024557,"subj6","item45","Fast"
38.0962021384269,"subj6","item46","Slow"
9.93698033990725,"subj6","item47","Fast"
36.975626145098,"subj6","item48","Slow"
20.0119884780647,"subj7","item1","Slow"
31.2662699365692,"subj7","item2","Fast"
31.7225246995686,"subj7","item3","Slow"
24.3856644518596,"subj7","item4","Fast"
25.1142421985465,"subj7","item5","Slow"
20.6116870312251,"subj7","item6","Fast"
23.2764963629276,"subj7","item7","Slow"
37.800695703306,"subj7","item8","Fast"
24.7658182827903,"subj7","item9","Slow"
30.0330709254615,"subj7","item10","Fast"
35.8731755404925,"subj7","item11","Slow"
35.67623254444,"subj7","item12","Fast"
28.4774710250896,"subj7","item13","Slow"
22.1441589053405,"subj7","item14","Fast"
38.5500393218829,"subj7","item15","Slow"
25.8702355799143,"subj7","item16","Fast"
32.0935978155294,"subj7","item17","Slow"
18.2607581269019,"subj7","item18","Fast"
35.3734075892904,"subj7","item19","Slow"
34.0621707232554,"subj7","item20","Fast"
27.2422436746523,"subj7","item21","Slow"
36.8429159261201,"subj7","item22","Fast"
33.3393471594097,"subj7","item23","Slow"
36.5147810392848,"subj7","item24","Fast"
31.0720075635063,"subj7","item25","Slow"
31.9192530150104,"subj7","item26","Fast"
40.1198699929161,"subj7","item27","Slow"
50.1754442440851,"subj7","item28","Fast"
33.6548131147065,"subj7","item29","Slow"
30.7638995611676,"subj7","item30","Fast"
25.3010983397677,"subj7","item31","Slow"
43.506732161077,"subj7","item32","Fast"
24.7969746856846,"subj7","item33","Slow"
33.3147231332438,"subj7","item34","Fast"
33.1199160288191,"subj7","item35","Slow"
32.6898469185549,"subj7","item36","Fast"
39.1585339727591,"subj7","item37","Slow"
29.9022203140227,"subj7","item38","Fast"
40.218341674782,"subj7","item39","Slow"
28.4656643336648,"subj7","item40","Fast"
31.0954962201335,"subj7","item41","Slow"
33.7053548028053,"subj7","item42","Fast"
24.9113967396515,"subj7","item43","Slow"
24.824438038816,"subj7","item44","Fast"
43.3772097159015,"subj7","item45","Slow"
17.3613408626256,"subj7","item46","Fast"
50.8707328977534,"subj7","item47","Slow"
20.3664053295472,"subj7","item48","Fast"
36.180202357603,"subj8","item1","Fast"
30.1672615829391,"subj8","item2","Slow"
29.5631247184714,"subj8","item3","Fast"
37.1658689511169,"subj8","item4","Slow"
32.9834033163397,"subj8","item5","Fast"
26.4736208186876,"subj8","item6","Slow"
29.0293532446621,"subj8","item7","Fast"
21.4882119975539,"subj8","item8","Slow"
25.6292332715121,"subj8","item9","Fast"
35.1193057906074,"subj8","item10","Slow"
29.1229332853767,"subj8","item11","Fast"
31.1929200696729,"subj8","item12","Slow"
42.6908315791691,"subj8","item13","Fast"
22.8480078232703,"subj8","item14","Slow"
20.3291893663319,"subj8","item15","Fast"
30.5700596936299,"subj8","item16","Slow"
31.3344446124773,"subj8","item17","Fast"
39.6250851501236,"subj8","item18","Slow"
35.2385677212882,"subj8","item19","Fast"
24.7041041710114,"subj8","item20","Slow"
43.5305027296115,"subj8","item21","Fast"
16.4921012542995,"subj8","item22","Slow"
23.7307809978281,"subj8","item23","Fast"
36.8184523796371,"subj8","item24","Slow"
40.8957234283671,"subj8","item25","Fast"
22.5089259031952,"subj8","item26","Slow"
15.7140845236825,"subj8","item27","Fast"
37.1820706743228,"subj8","item28","Slow"
13.1858739151106,"subj8","item29","Fast"
24.0930768994353,"subj8","item30","Slow"
18.3601570598157,"subj8","item31","Fast"
35.6426646077424,"subj8","item32","Slow"
39.1582697141578,"subj8","item33","Fast"
33.7812443747687,"subj8","item34","Slow"
19.0174063598301,"subj8","item35","Fast"
17.2962005989896,"subj8","item36","Slow"
38.5633845674566,"subj8","item37","Fast"
32.4626528817103,"subj8","item38","Slow"
30.3408025744756,"subj8","item39","Fast"
28.7530276546292,"subj8","item40","Slow"
27.7182364220733,"subj8","item41","Fast"
31.7373870452986,"subj8","item42","Slow"
-8.26861497506641,"subj8","item43","Fast"
10.1150730188764,"subj8","item44","Slow"
24.3418947102494,"subj8","item45","Fast"
33.2531396200185,"subj8","item46","Slow"
14.6412913498917,"subj8","item47","Fast"
10.5913379521772,"subj8","item48","Slow"
25.3712676594201,"subj9","item1","Slow"
37.3635420986644,"subj9","item2","Fast"
23.6719115801243,"subj9","item3","Slow"
22.3762528569734,"subj9","item4","Fast"
14.067920193816,"subj9","item5","Slow"
24.7067488222725,"subj9","item6","Fast"
30.7561691840472,"subj9","item7","Slow"
24.3086290224482,"subj9","item8","Fast"
24.40846561951,"subj9","item9","Slow"
43.2060159462714,"subj9","item10","Fast"
25.9135537886508,"subj9","item11","Slow"
25.4891852353562,"subj9","item12","Fast"
26.6412051236455,"subj9","item13","Slow"
19.6024135899371,"subj9","item14","Fast"
27.1189111782458,"subj9","item15","Slow"
27.8894152952959,"subj9","item16","Fast"
20.2732487745232,"subj9","item17","Slow"
18.8797006757707,"subj9","item18","Fast"
21.5242870919457,"subj9","item19","Slow"
24.4473828907565,"subj9","item20","Fast"
31.232421073693,"subj9","item21","Slow"
23.0081995403529,"subj9","item22","Fast"
30.9146876821406,"subj9","item23","Slow"
13.3741258935219,"subj9","item24","Fast"
22.4083610409041,"subj9","item25","Slow"
23.3255327033723,"subj9","item26","Fast"
27.3085596993896,"subj9","item27","Slow"
30.8559039476471,"subj9","item28","Fast"
25.6898011231332,"subj9","item29","Slow"
11.7043132255122,"subj9","item30","Fast"
24.1535586008349,"subj9","item31","Slow"
32.994281060701,"subj9","item32","Fast"
25.1144247330982,"subj9","item33","Slow"
24.4684072254841,"subj9","item34","Fast"
15.9867004419683,"subj9","item35","Slow"
31.6932131624937,"subj9","item36","Fast"
27.1259427443722,"subj9","item37","Slow"
25.0817767488429,"subj9","item38","Fast"
30.6316113688389,"subj9","item39","Slow"
16.4490113670673,"subj9","item40","Fast"
28.3306731944461,"subj9","item41","Slow"
31.3999563887645,"subj9","item42","Fast"
32.8744128805781,"subj9","item43","Slow"
33.5414973932822,"subj9","item44","Fast"
28.7757119668007,"subj9","item45","Slow"
23.3735836181762,"subj9","item46","Fast"
28.4642031999793,"subj9","item47","Slow"
33.4041070501809,"subj9","item48","Fast"
41.6636023095459,"subj10","item1","Fast"
54.9802156103025,"subj10","item2","Slow"
39.6171808985017,"subj10","item3","Fast"
46.7272466637683,"subj10","item4","Slow"
48.5279848091508,"subj10","item5","Fast"
36.0096656232955,"subj10","item6","Slow"
31.2758628892779,"subj10","item7","Fast"
55.1071114329587,"subj10","item8","Slow"
20.4618222001984,"subj10","item9","Fast"
41.8407401309065,"subj10","item10","Slow"
32.4312535415513,"subj10","item11","Fast"
36.216275382212,"subj10","item12","Slow"
25.6495049143923,"subj10","item13","Fast"
44.1371206341731,"subj10","item14","Slow"
24.6292636935142,"subj10","item15","Fast"
40.2950399413979,"subj10","item16","Slow"
32.6100715798354,"subj10","item17","Fast"
25.5201977529838,"subj10","item18","Slow"
48.1627760714976,"subj10","item19","Fast"
37.2930292938357,"subj10","item20","Slow"
49.3605916890075,"subj10","item21","Fast"
40.2246990332809,"subj10","item22","Slow"
35.292896648053,"subj10","item23","Fast"
26.7790401544983,"subj10","item24","Slow"
40.7380585974171,"subj10","item25","Fast"
22.7013051358775,"subj10","item26","Slow"
24.8291558457696,"subj10","item27","Fast"
42.3068258230303,"subj10","item28","Slow"
5.71945023585558,"subj10","item29","Fast"
33.6960143124688,"subj10","item30","Slow"
33.3837786957825,"subj10","item31","Fast"
42.1351803920791,"subj10","item32","Slow"
47.2324173939681,"subj10","item33","Fast"
49.1506269763161,"subj10","item34","Slow"
30.2970734344598,"subj10","item35","Fast"
54.0309871812618,"subj10","item36","Slow"
53.5966578870152,"subj10","item37","Fast"
44.6724872736372,"subj10","item38","Slow"
24.6279002285259,"subj10","item39","Fast"
28.6690419153279,"subj10","item40","Slow"
41.3164352146805,"subj10","item41","Fast"
38.2941768167921,"subj10","item42","Slow"
30.1673768595164,"subj10","item43","Fast"
35.6816951917341,"subj10","item44","Slow"
42.2430524278096,"subj10","item45","Fast"
33.094220946048,"subj10","item46","Slow"
31.781744268873,"subj10","item47","Fast"
37.28795052829,"subj10","item48","Slow"
11.5403443077573,"subj11","item1","Slow"
31.0903219471182,"subj11","item2","Fast"
23.4014568266096,"subj11","item3","Slow"
28.0168309439774,"subj11","item4","Fast"
20.746058962141,"subj11","item5","Slow"
27.3264755570929,"subj11","item6","Fast"
20.7342806693782,"subj11","item7","Slow"
25.6890103569283,"subj11","item8","Fast"
33.7519789405407,"subj11","item9","Slow"
13.6170652959972,"subj11","item10","Fast"
38.3838791382039,"subj11","item11","Slow"
11.0422650937104,"subj11","item12","Fast"
27.3376894402723,"subj11","item13","Slow"
13.618938968333,"subj11","item14","Fast"
15.1504751545364,"subj11","item15","Slow"
25.7031288388642,"subj11","item16","Fast"
30.0559146644588,"subj11","item17","Slow"
12.3673890390532,"subj11","item18","Fast"
12.7051451159294,"subj11","item19","Slow"
21.0060348241037,"subj11","item20","Fast"
31.1304108551108,"subj11","item21","Slow"
7.06107069312003,"subj11","item22","Fast"
24.3127233707762,"subj11","item23","Slow"
32.0838450845589,"subj11","item24","Fast"
23.4146946659321,"subj11","item25","Slow"
32.5848336275206,"subj11","item26","Fast"
38.8278240872854,"subj11","item27","Slow"
22.2927874738319,"subj11","item28","Fast"
17.5458128399256,"subj11","item29","Slow"
8.99326917796955,"subj11","item30","Fast"
31.5909044056379,"subj11","item31","Slow"
23.5187504311216,"subj11","item32","Fast"
37.8303872745681,"subj11","item33","Slow"
26.9831743047993,"subj11","item34","Fast"
20.7020421082799,"subj11","item35","Slow"
33.04297930292,"subj11","item36","Fast"
25.595791204972,"subj11","item37","Slow"
22.3315740384516,"subj11","item38","Fast"
24.7043586923944,"subj11","item39","Slow"
23.7290179706791,"subj11","item40","Fast"
20.0767856653767,"subj11","item41","Slow"
32.7441561631733,"subj11","item42","Fast"
21.8333836043521,"subj11","item43","Slow"
10.4818292913996,"subj11","item44","Fast"
31.7373663075987,"subj11","item45","Slow"
23.4803435541634,"subj11","item46","Fast"
26.0312152154009,"subj11","item47","Slow"
14.524068037647,"subj11","item48","Fast"
26.8079919861869,"subj12","item1","Fast"
42.2240931384092,"subj12","item2","Slow"
29.6524170828473,"subj12","item3","Fast"
28.2321339959353,"subj12","item4","Slow"
38.3287407083406,"subj12","item5","Fast"
43.7842488889607,"subj12","item6","Slow"
34.1245485892063,"subj12","item7","Fast"
31.2864656890258,"subj12","item8","Slow"
34.1309452112604,"subj12","item9","Fast"
19.1934407618679,"subj12","item10","Slow"
27.0018360322738,"subj12","item11","Fast"
35.2035261087241,"subj12","item12","Slow"
11.1474773801168,"subj12","item13","Fast"
20.7935143334465,"subj12","item14","Slow"
23.2321828186415,"subj12","item15","Fast"
35.1981510704256,"subj12","item16","Slow"
31.1748889365709,"subj12","item17","Fast"
13.0101791540133,"subj12","item18","Slow"
21.5589320340532,"subj12","item19","Fast"
36.0779710924876,"subj12","item20","Slow"
30.0096589704285,"subj12","item21","Fast"
35.0449146592072,"subj12","item22","Slow"
36.4091986008236,"subj12","item23","Fast"
33.8616108606941,"subj12","item24","Slow"
41.9897691784874,"subj12","item25","Fast"
28.0060453083175,"subj12","item26","Slow"
31.2704754839937,"subj12","item27","Fast"
47.1666068196128,"subj12","item28","Slow"
29.9077535665666,"subj12","item29","Fast"
47.9804845449636,"subj12","item30","Slow"
10.69400761789,"subj12","item31","Fast"
9.99100235663603,"subj12","item32","Slow"
39.6091469199915,"subj12","item33","Fast"
18.3489194750805,"subj12","item34","Slow"
42.9459642901517,"subj12","item35","Fast"
23.80063545553,"subj12","item36","Slow"
52.1153545701205,"subj12","item37","Fast"
15.220904653621,"subj12","item38","Slow"
31.4886422019963,"subj12","item39","Fast"
23.5922885879406,"subj12","item40","Slow"
20.998337890489,"subj12","item41","Fast"
34.9743827269832,"subj12","item42","Slow"
32.7191355771459,"subj12","item43","Fast"
36.1843874180252,"subj12","item44","Slow"
42.7215387142676,"subj12","item45","Fast"
23.1691327893513,"subj12","item46","Slow"
6.80658739993859,"subj12","item47","Fast"
23.3732318000066,"subj12","item48","Slow"
28.0889230624859,"subj13","item1","Slow"
43.5885315926884,"subj13","item2","Fast"
45.573770302085,"subj13","item3","Slow"
21.7650146882966,"subj13","item4","Fast"
49.1915049199668,"subj13","item5","Slow"
47.1256018898006,"subj13","item6","Fast"
36.3436872553263,"subj13","item7","Slow"
41.5198792171698,"subj13","item8","Fast"
34.5270631861086,"subj13","item9","Slow"
43.513995593417,"subj13","item10","Fast"
32.2324787182728,"subj13","item11","Slow"
40.794866514708,"subj13","item12","Fast"
47.4431187824367,"subj13","item13","Slow"
41.0779605925942,"subj13","item14","Fast"
40.0580719769392,"subj13","item15","Slow"
54.263540054523,"subj13","item16","Fast"
40.7089106815117,"subj13","item17","Slow"
44.450727558731,"subj13","item18","Fast"
33.7369814056067,"subj13","item19","Slow"
35.5716505232822,"subj13","item20","Fast"
29.6836178252078,"subj13","item21","Slow"
43.2337118779278,"subj13","item22","Fast"
39.1265845627373,"subj13","item23","Slow"
45.2438784680981,"subj13","item24","Fast"
37.3415687560686,"subj13","item25","Slow"
20.7120565976636,"subj13","item26","Fast"
30.0525919373529,"subj13","item27","Slow"
35.3995468305021,"subj13","item28","Fast"
45.2976933517215,"subj13","item29","Slow"
35.7962519342172,"subj13","item30","Fast"
35.7373025219609,"subj13","item31","Slow"
45.4790213774708,"subj13","item32","Fast"
35.980488028849,"subj13","item33","Slow"
43.1459941957249,"subj13","item34","Fast"
32.4408400417387,"subj13","item35","Slow"
37.9313919178515,"subj13","item36","Fast"
41.6529483813407,"subj13","item37","Slow"
36.4895398730351,"subj13","item38","Fast"
41.881584429212,"subj13","item39","Slow"
50.2424387140126,"subj13","item40","Fast"
45.6477855330929,"subj13","item41","Slow"
34.8735741296455,"subj13","item42","Fast"
43.1940640862244,"subj13","item43","Slow"
39.1924362441065,"subj13","item44","Fast"
43.3629676317757,"subj13","item45","Slow"
51.3710069110646,"subj13","item46","Fast"
40.7762545013929,"subj13","item47","Slow"
34.9746788100905,"subj13","item48","Fast"
36.6955908440767,"subj14","item1","Fast"
42.4647668930421,"subj14","item2","Slow"
25.9911764047006,"subj14","item3","Fast"
38.4401117941688,"subj14","item4","Slow"
34.815395798848,"subj14","item5","Fast"
42.6120080902442,"subj14","item6","Slow"
40.5824169318848,"subj14","item7","Fast"
34.7639190874143,"subj14","item8","Slow"
31.4060855020068,"subj14","item9","Fast"
49.34737442465,"subj14","item10","Slow"
34.7554814146913,"subj14","item11","Fast"
40.7465404684091,"subj14","item12","Slow"
20.4485510294846,"subj14","item13","Fast"
30.1597408918189,"subj14","item14","Slow"
18.6051055229763,"subj14","item15","Fast"
43.9748960238545,"subj14","item16","Slow"
40.9530716039787,"subj14","item17","Fast"
43.8126081336965,"subj14","item18","Slow"
33.8449265357694,"subj14","item19","Fast"
33.346601266724,"subj14","item20","Slow"
50.6097122694919,"subj14","item21","Fast"
33.1208014196537,"subj14","item22","Slow"
40.8544221355478,"subj14","item23","Fast"
41.4375966054792,"subj14","item24","Slow"
52.6594082845035,"subj14","item25","Fast"
48.3965947500124,"subj14","item26","Slow"
47.0161136470351,"subj14","item27","Fast"
27.5476303440866,"subj14","item28","Slow"
21.5927651659613,"subj14","item29","Fast"
43.9927884145773,"subj14","item30","Slow"
40.2634140705387,"subj14","item31","Fast"
22.9022213549763,"subj14","item32","Slow"
50.7768372105437,"subj14","item33","Fast"
43.5815121920273,"subj14","item34","Slow"
43.3550259854524,"subj14","item35","Fast"
49.4387463965065,"subj14","item36","Slow"
48.579566408376,"subj14","item37","Fast"
47.1171611630393,"subj14","item38","Slow"
25.0777667270133,"subj14","item39","Fast"
35.0272591131117,"subj14","item40","Slow"
38.4357987547222,"subj14","item41","Fast"
33.4721440348359,"subj14","item42","Slow"
31.3614640084744,"subj14","item43","Fast"
30.8868179382355,"subj14","item44","Slow"
54.8905170889966,"subj14","item45","Fast"
30.7872259005692,"subj14","item46","Slow"
14.4715102654839,"subj14","item47","Fast"
41.7123614821508,"subj14","item48","Slow"
36.2639830761332,"subj15","item1","Slow"
26.6319559027535,"subj15","item2","Fast"
50.7855348917179,"subj15","item3","Slow"
16.5180441943712,"subj15","item4","Fast"
32.478082972688,"subj15","item5","Slow"
46.6384490151428,"subj15","item6","Fast"
21.3124177507012,"subj15","item7","Slow"
20.722260679855,"subj15","item8","Fast"
33.7329566754815,"subj15","item9","Slow"
37.5523208652988,"subj15","item10","Fast"
36.4846756654308,"subj15","item11","Slow"
37.0974937712655,"subj15","item12","Fast"
7.63895077231632,"subj15","item13","Slow"
16.8552563840581,"subj15","item14","Fast"
36.2518399089142,"subj15","item15","Slow"
39.559462761209,"subj15","item16","Fast"
20.2823398882846,"subj15","item17","Slow"
27.1664135731476,"subj15","item18","Fast"
32.7038865642261,"subj15","item19","Slow"
30.1217616401396,"subj15","item20","Fast"
22.9587888439806,"subj15","item21","Slow"
14.1680238598646,"subj15","item22","Fast"
30.0962195104253,"subj15","item23","Slow"
47.501293518953,"subj15","item24","Fast"
43.4649187436577,"subj15","item25","Slow"
18.0984174997473,"subj15","item26","Fast"
20.2602262427826,"subj15","item27","Slow"
23.9970393563329,"subj15","item28","Fast"
41.0594558564251,"subj15","item29","Slow"
20.1154454094498,"subj15","item30","Fast"
29.899233653423,"subj15","item31","Slow"
33.7442016901581,"subj15","item32","Fast"
29.8479616432754,"subj15","item33","Slow"
51.1595139652692,"subj15","item34","Fast"
30.0321769664748,"subj15","item35","Slow"
29.8798646072343,"subj15","item36","Fast"
22.7438866485252,"subj15","item37","Slow"
17.9387562941933,"subj15","item38","Fast"
23.3788133210673,"subj15","item39","Slow"
32.930172134282,"subj15","item40","Fast"
25.474787416484,"subj15","item41","Slow"
27.5861649524477,"subj15","item42","Fast"
33.1461152709789,"subj15","item43","Slow"
30.3154496195216,"subj15","item44","Fast"
31.1865598189418,"subj15","item45","Slow"
42.2058889374509,"subj15","item46","Fast"
32.855245800267,"subj15","item47","Slow"
12.6645047803836,"subj15","item48","Fast"
29.7487241167483,"subj16","item1","Fast"
40.6284747829919,"subj16","item2","Slow"
25.5733775265833,"subj16","item3","Fast"
39.8026586550968,"subj16","item4","Slow"
31.1931763049782,"subj16","item5","Fast"
23.7626449434921,"subj16","item6","Slow"
21.5427482599305,"subj16","item7","Fast"
24.5201064624266,"subj16","item8","Slow"
25.5646203742015,"subj16","item9","Fast"
25.6111768104774,"subj16","item10","Slow"
37.3077635555719,"subj16","item11","Fast"
30.6352119375292,"subj16","item12","Slow"
15.2930883681681,"subj16","item13","Fast"
16.3622304476337,"subj16","item14","Slow"
8.43758578686004,"subj16","item15","Fast"
28.3991613282729,"subj16","item16","Slow"
27.3153600047271,"subj16","item17","Fast"
15.0009853999589,"subj16","item18","Slow"
31.5051755557049,"subj16","item19","Fast"
23.0219176275318,"subj16","item20","Slow"
26.0692422519328,"subj16","item21","Fast"
17.2621885919955,"subj16","item22","Slow"
27.5941155647604,"subj16","item23","Fast"
25.6393406475743,"subj16","item24","Slow"
35.5765132476265,"subj16","item25","Fast"
11.0799899965563,"subj16","item26","Slow"
28.0862578435975,"subj16","item27","Fast"
35.1149243095242,"subj16","item28","Slow"
6.67784207383951,"subj16","item29","Fast"
25.5212256734188,"subj16","item30","Slow"
46.3367636405898,"subj16","item31","Fast"
29.3218042229945,"subj16","item32","Slow"
34.5695278841178,"subj16","item33","Fast"
29.9621825636573,"subj16","item34","Slow"
14.290665672139,"subj16","item35","Fast"
29.0621865453674,"subj16","item36","Slow"
38.5986298164769,"subj16","item37","Fast"
26.5786217804589,"subj16","item38","Slow"
20.8319451317587,"subj16","item39","Fast"
39.7388907788719,"subj16","item40","Slow"
24.1136993707032,"subj16","item41","Fast"
23.3818023310293,"subj16","item42","Slow"
21.8425264596227,"subj16","item43","Fast"
25.0234549062448,"subj16","item44","Slow"
18.0894961967891,"subj16","item45","Fast"
31.3825507846169,"subj16","item46","Slow"
21.2075095496617,"subj16","item47","Fast"
30.7575605376635,"subj16","item48","Slow"
30.6819838703926,"subj17","item1","Slow"
41.7990202484734,"subj17","item2","Fast"
26.2748788391549,"subj17","item3","Slow"
21.5395981555034,"subj17","item4","Fast"
31.1250200982403,"subj17","item5","Slow"
33.385335587037,"subj17","item6","Fast"
24.3138109458293,"subj17","item7","Slow"
36.7321995870753,"subj17","item8","Fast"
29.8378879417582,"subj17","item9","Slow"
29.0860730146976,"subj17","item10","Fast"
28.1066503151537,"subj17","item11","Slow"
23.3821210857627,"subj17","item12","Fast"
38.4386466085199,"subj17","item13","Slow"
44.3374956431779,"subj17","item14","Fast"
26.0532215661559,"subj17","item15","Slow"
44.2112530103905,"subj17","item16","Fast"
31.0552047739296,"subj17","item17","Slow"
50.6693898264639,"subj17","item18","Fast"
36.8719982029077,"subj17","item19","Slow"
34.649137604272,"subj17","item20","Fast"
43.1096362051279,"subj17","item21","Slow"
26.3409121801801,"subj17","item22","Fast"
36.8597739544146,"subj17","item23","Slow"
28.2777969344506,"subj17","item24","Fast"
35.6745854944077,"subj17","item25","Slow"
32.8018945392078,"subj17","item26","Fast"
26.3132618739644,"subj17","item27","Slow"
33.6122921241216,"subj17","item28","Fast"
13.1694413899104,"subj17","item29","Slow"
25.7379850461672,"subj17","item30","Fast"
27.8429799774104,"subj17","item31","Slow"
20.296794585013,"subj17","item32","Fast"
46.1041179051611,"subj17","item33","Slow"
34.2518383219109,"subj17","item34","Fast"
34.2657950584709,"subj17","item35","Slow"
39.8629730753222,"subj17","item36","Fast"
36.0034689724929,"subj17","item37","Slow"
20.5150146494427,"subj17","item38","Fast"
27.1124570094701,"subj17","item39","Slow"
21.6190719423508,"subj17","item40","Fast"
40.7029054627939,"subj17","item41","Slow"
32.4046675341379,"subj17","item42","Fast"
20.1552124445849,"subj17","item43","Slow"
35.0538840324694,"subj17","item44","Fast"
30.5023868174772,"subj17","item45","Slow"
33.5208531896859,"subj17","item46","Fast"
39.3056154221055,"subj17","item47","Slow"
25.6307210195506,"subj17","item48","Fast"
28.2917396781022,"subj18","item1","Fast"
33.0915958490973,"subj18","item2","Slow"
21.5977183530697,"subj18","item3","Fast"
33.3413632944483,"subj18","item4","Slow"
31.7632618728859,"subj18","item5","Fast"
27.5038134048787,"subj18","item6","Slow"
39.9850026153016,"subj18","item7","Fast"
38.2423174239524,"subj18","item8","Slow"
27.5121103061081,"subj18","item9","Fast"
24.2489486881958,"subj18","item10","Slow"
23.2147362655717,"subj18","item11","Fast"
22.4978070544969,"subj18","item12","Slow"
4.70337646008393,"subj18","item13","Fast"
22.3787602370648,"subj18","item14","Slow"
29.153081553337,"subj18","item15","Fast"
28.8163276205752,"subj18","item16","Slow"
26.2507556840759,"subj18","item17","Fast"
21.5047959176408,"subj18","item18","Slow"
24.3991711286178,"subj18","item19","Fast"
24.9716745280246,"subj18","item20","Slow"
22.328058788432,"subj18","item21","Fast"
10.1023977771008,"subj18","item22","Slow"
34.3160442099508,"subj18","item23","Fast"
18.5108602825012,"subj18","item24","Slow"
25.8685855057283,"subj18","item25","Fast"
27.50075676939,"subj18","item26","Slow"
18.4902871673585,"subj18","item27","Fast"
13.3355148860765,"subj18","item28","Slow"
23.0928637260522,"subj18","item29","Fast"
37.4704995027724,"subj18","item30","Slow"
27.9553278500595,"subj18","item31","Fast"
16.4195476836761,"subj18","item32","Slow"
20.7098143857818,"subj18","item33","Fast"
22.0699814492843,"subj18","item34","Slow"
33.9175458699625,"subj18","item35","Fast"
15.8124296703172,"subj18","item36","Slow"
29.3228732133908,"subj18","item37","Fast"
33.8564291168596,"subj18","item38","Slow"
18.147848393327,"subj18","item39","Fast"
22.4995171090113,"subj18","item40","Slow"
17.685891221042,"subj18","item41","Fast"
27.359292827054,"subj18","item42","Slow"
18.184932548514,"subj18","item43","Fast"
24.3892236981576,"subj18","item44","Slow"
12.8117635866914,"subj18","item45","Fast"
35.8827765532918,"subj18","item46","Slow"
37.5473785731069,"subj18","item47","Fast"
30.9762234577469,"subj18","item48","Slow"
39.7530176431892,"subj19","item1","Slow"
54.5767868767341,"subj19","item2","Fast"
36.0581360071012,"subj19","item3","Slow"
30.5938074969047,"subj19","item4","Fast"
30.3110893850328,"subj19","item5","Slow"
36.8857702258851,"subj19","item6","Fast"
44.6586030942622,"subj19","item7","Slow"
38.9311581457185,"subj19","item8","Fast"
32.0612272089825,"subj19","item9","Slow"
54.3242948732304,"subj19","item10","Fast"
37.9698855745292,"subj19","item11","Slow"
38.9279057185149,"subj19","item12","Fast"
18.7793097939933,"subj19","item13","Slow"
40.8867460642355,"subj19","item14","Fast"
22.6734780054141,"subj19","item15","Slow"
34.9558797952938,"subj19","item16","Fast"
20.7222229513078,"subj19","item17","Slow"
33.4040947096669,"subj19","item18","Fast"
23.8565893185472,"subj19","item19","Slow"
43.1222432124857,"subj19","item20","Fast"
28.4885666921035,"subj19","item21","Slow"
25.8752672437911,"subj19","item22","Fast"
23.9906939409698,"subj19","item23","Slow"
41.3478188857495,"subj19","item24","Fast"
39.8043273986344,"subj19","item25","Slow"
39.9315814167613,"subj19","item26","Fast"
31.0522439118517,"subj19","item27","Slow"
36.9804279517054,"subj19","item28","Fast"
39.3310060451649,"subj19","item29","Slow"
24.3408746516423,"subj19","item30","Fast"
51.6108522815069,"subj19","item31","Slow"
44.9372715186233,"subj19","item32","Fast"
30.2294804245656,"subj19","item33","Slow"
42.4207161340753,"subj19","item34","Fast"
19.8914185108922,"subj19","item35","Slow"
40.0110380893582,"subj19","item36","Fast"
24.9168063506031,"subj19","item37","Slow"
42.6470743172273,"subj19","item38","Fast"
30.7502887998436,"subj19","item39","Slow"
30.5007413925222,"subj19","item40","Fast"
28.3904710497409,"subj19","item41","Slow"
16.7628182789253,"subj19","item42","Fast"
44.7329254431878,"subj19","item43","Slow"
29.3485063926382,"subj19","item44","Fast"
38.4514022455542,"subj19","item45","Slow"
47.9978644990071,"subj19","item46","Fast"
30.7046679568888,"subj19","item47","Slow"
19.5755498709815,"subj19","item48","Fast"
26.4871782749616,"subj20","item1","Fast"
30.347794034417,"subj20","item2","Slow"
24.7677593378166,"subj20","item3","Fast"
30.6253971932078,"subj20","item4","Slow"
26.6919103296151,"subj20","item5","Fast"
38.541445161692,"subj20","item6","Slow"
50.8844972496068,"subj20","item7","Fast"
32.2985278346355,"subj20","item8","Slow"
27.6826871838639,"subj20","item9","Fast"
38.0240529472522,"subj20","item10","Slow"
26.1900010504902,"subj20","item11","Fast"
32.0800467021116,"subj20","item12","Slow"
25.2177480692074,"subj20","item13","Fast"
26.7248128197374,"subj20","item14","Slow"
32.3002018090719,"subj20","item15","Fast"
32.4070201669874,"subj20","item16","Slow"
46.0798332416299,"subj20","item17","Fast"
31.3025943490287,"subj20","item18","Slow"
36.5372325875588,"subj20","item19","Fast"
14.8918405051533,"subj20","item20","Slow"
30.5531528450926,"subj20","item21","Fast"
15.9548652507706,"subj20","item22","Slow"
33.1090462923233,"subj20","item23","Fast"
27.8722708760686,"subj20","item24","Slow"
44.2899666506956,"subj20","item25","Fast"
28.8731315587556,"subj20","item26","Slow"
33.9846060653399,"subj20","item27","Fast"
31.7381635909199,"subj20","item28","Slow"
-1.44755361095548,"subj20","item29","Fast"
21.5856706375385,"subj20","item30","Slow"
36.878143902875,"subj20","item31","Fast"
23.0236518401857,"subj20","item32","Slow"
23.3312016021767,"subj20","item33","Fast"
41.7641133968676,"subj20","item34","Slow"
38.2421959915034,"subj20","item35","Fast"
23.0608500828045,"subj20","item36","Slow"
40.012831350561,"subj20","item37","Fast"
41.0920119617082,"subj20","item38","Slow"
17.7068175541854,"subj20","item39","Fast"
32.1045898491392,"subj20","item40","Slow"
21.5273375386582,"subj20","item41","Fast"
32.8780124019593,"subj20","item42","Slow"
14.3041402789617,"subj20","item43","Fast"
34.3130959425795,"subj20","item44","Slow"
22.7658904725261,"subj20","item45","Fast"
34.6358873179247,"subj20","item46","Slow"
17.60905374124,"subj20","item47","Fast"
12.1026187847282,"subj20","item48","Slow"
40.9042728525193,"subj21","item1","Slow"
36.9821381199609,"subj21","item2","Fast"
21.97499382025,"subj21","item3","Slow"
25.5492052382983,"subj21","item4","Fast"
20.6563945331826,"subj21","item5","Slow"
37.6777300587769,"subj21","item6","Fast"
35.0721962611244,"subj21","item7","Slow"
26.1274206263543,"subj21","item8","Fast"
26.6985557505145,"subj21","item9","Slow"
42.206410252709,"subj21","item10","Fast"
35.5777056019968,"subj21","item11","Slow"
30.1150483584496,"subj21","item12","Fast"
33.0512279043254,"subj21","item13","Slow"
37.6282273126625,"subj21","item14","Fast"
26.910335628098,"subj21","item15","Slow"
48.9365681030345,"subj21","item16","Fast"
57.0743674888381,"subj21","item17","Slow"
34.1175553652916,"subj21","item18","Fast"
50.8664679408083,"subj21","item19","Slow"
34.0380743547623,"subj21","item20","Fast"
16.6179985617545,"subj21","item21","Slow"
24.3012930412805,"subj21","item22","Fast"
37.2622590193021,"subj21","item23","Slow"
33.859730926897,"subj21","item24","Fast"
40.1261772042183,"subj21","item25","Slow"
29.1730891928506,"subj21","item26","Fast"
32.1344043715685,"subj21","item27","Slow"
31.9260287290103,"subj21","item28","Fast"
21.2337144218227,"subj21","item29","Slow"
35.8599679862078,"subj21","item30","Fast"
24.8820162256157,"subj21","item31","Slow"
38.6333226844419,"subj21","item32","Fast"
44.1085707550598,"subj21","item33","Slow"
39.9673287012755,"subj21","item34","Fast"
25.0697044303845,"subj21","item35","Slow"
35.0990006741087,"subj21","item36","Fast"
33.0289185596838,"subj21","item37","Slow"
33.9236846531967,"subj21","item38","Fast"
34.0452300089657,"subj21","item39","Slow"
16.5043842101978,"subj21","item40","Fast"
52.2220092325558,"subj21","item41","Slow"
38.3211022249741,"subj21","item42","Fast"
28.7203962088056,"subj21","item43","Slow"
31.3952648711509,"subj21","item44","Fast"
38.8002478379846,"subj21","item45","Slow"
62.0011720457575,"subj21","item46","Fast"
41.5141549028396,"subj21","item47","Slow"
26.2234366002965,"subj21","item48","Fast"
30.2553525627922,"subj22","item1","Fast"
31.861391080985,"subj22","item2","Slow"
21.7504327079419,"subj22","item3","Fast"
40.3048276622059,"subj22","item4","Slow"
52.4264499478412,"subj22","item5","Fast"
23.71335003571,"subj22","item6","Slow"
37.076836089044,"subj22","item7","Fast"
38.934145951417,"subj22","item8","Slow"
11.9143960604846,"subj22","item9","Fast"
47.1664924227987,"subj22","item10","Slow"
29.1747439889733,"subj22","item11","Fast"
40.3884633341825,"subj22","item12","Slow"
18.1557165799983,"subj22","item13","Fast"
35.10185074905,"subj22","item14","Slow"
16.8587615501707,"subj22","item15","Fast"
28.6867880383687,"subj22","item16","Slow"
22.1892247930938,"subj22","item17","Fast"
15.3264815417789,"subj22","item18","Slow"
20.1761942904821,"subj22","item19","Fast"
16.2307363642197,"subj22","item20","Slow"
35.6242289504052,"subj22","item21","Fast"
40.6550106304796,"subj22","item22","Slow"
30.573681891849,"subj22","item23","Fast"
35.9194992853189,"subj22","item24","Slow"
33.5284390892117,"subj22","item25","Fast"
35.0691490483157,"subj22","item26","Slow"
29.5924736315188,"subj22","item27","Fast"
29.5594593164807,"subj22","item28","Slow"
11.4356173998047,"subj22","item29","Fast"
37.1543716326867,"subj22","item30","Slow"
21.4130910943707,"subj22","item31","Fast"
20.3243789544196,"subj22","item32","Slow"
32.3379838094762,"subj22","item33","Fast"
23.014082358319,"subj22","item34","Slow"
22.7171550631845,"subj22","item35","Fast"
29.3304484808488,"subj22","item36","Slow"
49.4524589344117,"subj22","item37","Fast"
30.9942093118927,"subj22","item38","Slow"
28.2899147038028,"subj22","item39","Fast"
21.595081197089,"subj22","item40","Slow"
21.9456370009514,"subj22","item41","Fast"
20.9023025789132,"subj22","item42","Slow"
21.9591740842635,"subj22","item43","Fast"
27.7244483191714,"subj22","item44","Slow"
23.3416073681746,"subj22","item45","Fast"
39.2493766778124,"subj22","item46","Slow"
22.9313234947018,"subj22","item47","Fast"
24.7848725023284,"subj22","item48","Slow"
33.4271395129933,"subj23","item1","Slow"
24.4554810542119,"subj23","item2","Fast"
26.7689651478436,"subj23","item3","Slow"
30.0325404314508,"subj23","item4","Fast"
30.9493572122004,"subj23","item5","Slow"
31.5846858915019,"subj23","item6","Fast"
15.9234006286062,"subj23","item7","Slow"
22.7785634822302,"subj23","item8","Fast"
21.1190984756625,"subj23","item9","Slow"
13.7871982474544,"subj23","item10","Fast"
17.5450428437669,"subj23","item11","Slow"
17.7372230069163,"subj23","item12","Fast"
27.3856574823244,"subj23","item13","Slow"
17.6353795254257,"subj23","item14","Fast"
18.9124214860557,"subj23","item15","Slow"
37.1613062608778,"subj23","item16","Fast"
12.0666620149053,"subj23","item17","Slow"
6.44943661886082,"subj23","item18","Fast"
31.4544700769445,"subj23","item19","Slow"
8.25977229437053,"subj23","item20","Fast"
16.7520817412496,"subj23","item21","Slow"
19.6378876925421,"subj23","item22","Fast"
27.3627767211465,"subj23","item23","Slow"
28.0600748556513,"subj23","item24","Fast"
4.30693182359514,"subj23","item25","Slow"
25.4238214591956,"subj23","item26","Fast"
31.6821373374522,"subj23","item27","Slow"
16.5834502111876,"subj23","item28","Fast"
25.9238545653657,"subj23","item29","Slow"
21.7964456055146,"subj23","item30","Fast"
15.1109669237515,"subj23","item31","Slow"
24.3021751462267,"subj23","item32","Fast"
40.3740215237858,"subj23","item33","Slow"
39.2813525040531,"subj23","item34","Fast"
21.379490145879,"subj23","item35","Slow"
30.2916453900927,"subj23","item36","Fast"
36.8603687977217,"subj23","item37","Slow"
27.9486612404094,"subj23","item38","Fast"
30.2459459283583,"subj23","item39","Slow"
21.9685454963344,"subj23","item40","Fast"
27.1427600311475,"subj23","item41","Slow"
18.6355743002714,"subj23","item42","Fast"
37.7569402175933,"subj23","item43","Slow"
13.2725211566067,"subj23","item44","Fast"
31.150219224967,"subj23","item45","Slow"
28.3570443185795,"subj23","item46","Fast"
6.94395194627258,"subj23","item47","Slow"
32.3235930870286,"subj23","item48","Fast"
35.747500881006,"subj24","item1","Fast"
31.0076275919592,"subj24","item2","Slow"
16.2274412512039,"subj24","item3","Fast"
31.7726970431181,"subj24","item4","Slow"
39.9644037743171,"subj24","item5","Fast"
32.6656870892768,"subj24","item6","Slow"
28.8942442096442,"subj24","item7","Fast"
32.1792902681392,"subj24","item8","Slow"
3.43328960746359,"subj24","item9","Fast"
38.6594924052008,"subj24","item10","Slow"
18.9738111562604,"subj24","item11","Fast"
26.5955403274124,"subj24","item12","Slow"
25.9443653540483,"subj24","item13","Fast"
20.1991575919168,"subj24","item14","Slow"
16.386807790957,"subj24","item15","Fast"
16.4066285757886,"subj24","item16","Slow"
34.5222010078303,"subj24","item17","Fast"
28.5142662735348,"subj24","item18","Slow"
38.8728682456181,"subj24","item19","Fast"
53.7908312663209,"subj24","item20","Slow"
30.9384667040249,"subj24","item21","Fast"
28.5240031918074,"subj24","item22","Slow"
17.0054493155625,"subj24","item23","Fast"
31.0786018864095,"subj24","item24","Slow"
30.1198164409771,"subj24","item25","Fast"
21.5738518029711,"subj24","item26","Slow"
36.2062752615031,"subj24","item27","Fast"
26.8544145504837,"subj24","item28","Slow"
16.7392616127772,"subj24","item29","Fast"
16.2017002607084,"subj24","item30","Slow"
30.2843633114945,"subj24","item31","Fast"
29.4774213979082,"subj24","item32","Slow"
30.7627428044029,"subj24","item33","Fast"
34.9379265657978,"subj24","item34","Slow"
28.2010939006681,"subj24","item35","Fast"
19.7786094379235,"subj24","item36","Slow"
45.7938165828853,"subj24","item37","Fast"
44.2419013010919,"subj24","item38","Slow"
14.4571806530521,"subj24","item39","Fast"
29.7658828772068,"subj24","item40","Slow"
25.6363334549606,"subj24","item41","Fast"
33.8343114095171,"subj24","item42","Slow"
12.1317658784048,"subj24","item43","Fast"
32.0447027049127,"subj24","item44","Slow"
14.8042054605716,"subj24","item45","Fast"
29.5636714952889,"subj24","item46","Slow"
14.9676073452724,"subj24","item47","Fast"
28.4294166174441,"subj24","item48","Slow"
21.77799998354,"subj25","item1","Slow"
26.7233095836113,"subj25","item2","Fast"
35.4601142448842,"subj25","item3","Slow"
12.8266190759278,"subj25","item4","Fast"
42.6486604035206,"subj25","item5","Slow"
28.5863348033209,"subj25","item6","Fast"
24.9867591624163,"subj25","item7","Slow"
32.3002481065613,"subj25","item8","Fast"
26.0118273022405,"subj25","item9","Slow"
56.8207673406711,"subj25","item10","Fast"
31.6362328198177,"subj25","item11","Slow"
34.0431034525773,"subj25","item12","Fast"
31.0742285344225,"subj25","item13","Slow"
25.6909557643079,"subj25","item14","Fast"
37.8050732123971,"subj25","item15","Slow"
47.0536048114148,"subj25","item16","Fast"
25.578292735007,"subj25","item17","Slow"
33.8119155425568,"subj25","item18","Fast"
13.7765582565043,"subj25","item19","Slow"
36.6066014467976,"subj25","item20","Fast"
32.7577116022699,"subj25","item21","Slow"
31.8792464074322,"subj25","item22","Fast"
27.2973420990565,"subj25","item23","Slow"
19.5100119709452,"subj25","item24","Fast"
44.4624692188228,"subj25","item25","Slow"
27.0512411031964,"subj25","item26","Fast"
43.1474824706855,"subj25","item27","Slow"
32.3008891922906,"subj25","item28","Fast"
39.7803246125911,"subj25","item29","Slow"
24.7071424616853,"subj25","item30","Fast"
23.8438558998739,"subj25","item31","Slow"
36.4149576916152,"subj25","item32","Fast"
35.5634908433623,"subj25","item33","Slow"
49.7325307476477,"subj25","item34","Fast"
36.8334666758369,"subj25","item35","Slow"
26.0766494432721,"subj25","item36","Fast"
30.5887575200077,"subj25","item37","Slow"
27.4548066960649,"subj25","item38","Fast"
34.9246119630326,"subj25","item39","Slow"
32.459650452968,"subj25","item40","Fast"
24.8999756209578,"subj25","item41","Slow"
38.3688303557658,"subj25","item42","Fast"
28.3326763166044,"subj25","item43","Slow"
39.1031416172192,"subj25","item44","Fast"
17.0435361523861,"subj25","item45","Slow"
43.9676071824538,"subj25","item46","Fast"
45.3333042261564,"subj25","item47","Slow"
24.4886453747831,"subj25","item48","Fast"
29.3181517126791,"subj26","item1","Fast"
26.4545186299606,"subj26","item2","Slow"
19.2242980250968,"subj26","item3","Fast"
28.7935495262363,"subj26","item4","Slow"
20.4359617014248,"subj26","item5","Fast"
21.6090267242366,"subj26","item6","Slow"
25.5273829735124,"subj26","item7","Fast"
25.4496417873933,"subj26","item8","Slow"
18.5643652404292,"subj26","item9","Fast"
33.4384509833254,"subj26","item10","Slow"
19.3886796811489,"subj26","item11","Fast"
21.8539840842889,"subj26","item12","Slow"
6.6455526472812,"subj26","item13","Fast"
29.492680682866,"subj26","item14","Slow"
0.317383526991545,"subj26","item15","Fast"
9.19668502436693,"subj26","item16","Slow"
16.2151341970507,"subj26","item17","Fast"
22.0343271263127,"subj26","item18","Slow"
23.6690495458166,"subj26","item19","Fast"
18.6599383487696,"subj26","item20","Slow"
25.7707760479989,"subj26","item21","Fast"
27.8977382868104,"subj26","item22","Slow"
39.3361409412489,"subj26","item23","Fast"
17.9380782554464,"subj26","item24","Slow"
17.2787860887202,"subj26","item25","Fast"
32.4393347926884,"subj26","item26","Slow"
22.9380399820133,"subj26","item27","Fast"
26.7318817071273,"subj26","item28","Slow"
-12.2204276640419,"subj26","item29","Fast"
29.19532822443,"subj26","item30","Slow"
29.8671437537163,"subj26","item31","Fast"
14.3761434143571,"subj26","item32","Slow"
13.0955840778172,"subj26","item33","Fast"
25.7416935293043,"subj26","item34","Slow"
25.2384463027101,"subj26","item35","Fast"
15.1722370678451,"subj26","item36","Slow"
41.4502811338303,"subj26","item37","Fast"
20.4488105332708,"subj26","item38","Slow"
9.94917394568674,"subj26","item39","Fast"
11.3217635063388,"subj26","item40","Slow"
25.3089577288193,"subj26","item41","Fast"
35.2580953437981,"subj26","item42","Slow"
6.46227134125075,"subj26","item43","Fast"
26.3184652778226,"subj26","item44","Slow"
12.3035764709362,"subj26","item45","Fast"
21.7076525564587,"subj26","item46","Slow"
14.6981187831049,"subj26","item47","Fast"
19.4992948703759,"subj26","item48","Slow"
29.373240369865,"subj27","item1","Slow"
21.2720558363705,"subj27","item2","Fast"
26.9982274472096,"subj27","item3","Slow"
21.7288295721854,"subj27","item4","Fast"
25.1732502096521,"subj27","item5","Slow"
51.5377721035828,"subj27","item6","Fast"
28.2808666403372,"subj27","item7","Slow"
41.8346329842694,"subj27","item8","Fast"
45.0486243330995,"subj27","item9","Slow"
30.1508880415373,"subj27","item10","Fast"
33.059148144306,"subj27","item11","Slow"
37.140173527462,"subj27","item12","Fast"
30.2053957815897,"subj27","item13","Slow"
33.3216424529011,"subj27","item14","Fast"
34.9472317649354,"subj27","item15","Slow"
48.7114620870498,"subj27","item16","Fast"
30.5129083620805,"subj27","item17","Slow"
33.7766195596864,"subj27","item18","Fast"
26.6899113087569,"subj27","item19","Slow"
41.9181979054646,"subj27","item20","Fast"
33.626263451247,"subj27","item21","Slow"
48.047406776115,"subj27","item22","Fast"
47.6988272409996,"subj27","item23","Slow"
34.3355225009702,"subj27","item24","Fast"
36.2300850285594,"subj27","item25","Slow"
36.2130053130858,"subj27","item26","Fast"
37.2127619832272,"subj27","item27","Slow"
43.9064971760104,"subj27","item28","Fast"
45.0569846275577,"subj27","item29","Slow"
27.6776032187322,"subj27","item30","Fast"
36.252601352626,"subj27","item31","Slow"
41.4202827649394,"subj27","item32","Fast"
47.6732874876946,"subj27","item33","Slow"
41.7204077930033,"subj27","item34","Fast"
17.96757757325,"subj27","item35","Slow"
28.9568156898255,"subj27","item36","Fast"
42.2015981834151,"subj27","item37","Slow"
19.0775367787804,"subj27","item38","Fast"
18.7670831083286,"subj27","item39","Slow"
9.12981086044468,"subj27","item40","Fast"
34.1905068257784,"subj27","item41","Slow"
33.5302186087631,"subj27","item42","Fast"
52.5003489700728,"subj27","item43","Slow"
38.0201662774113,"subj27","item44","Fast"
26.4346997922005,"subj27","item45","Slow"
33.5111603108556,"subj27","item46","Fast"
40.0605135314166,"subj27","item47","Slow"
13.7810700920402,"subj27","item48","Fast"
33.4909086847622,"subj28","item1","Fast"
33.4958350703053,"subj28","item2","Slow"
24.0312882815273,"subj28","item3","Fast"
28.6556373356495,"subj28","item4","Slow"
34.2433206966113,"subj28","item5","Fast"
18.7038949286721,"subj28","item6","Slow"
35.7588514467006,"subj28","item7","Fast"
31.9512732694074,"subj28","item8","Slow"
38.727026514591,"subj28","item9","Fast"
31.3284755458084,"subj28","item10","Slow"
40.3145077421425,"subj28","item11","Fast"
30.6015454329892,"subj28","item12","Slow"
16.5550211814142,"subj28","item13","Fast"
19.2563124040396,"subj28","item14","Slow"
15.5933987751794,"subj28","item15","Fast"
30.4945473211554,"subj28","item16","Slow"
35.0383237490257,"subj28","item17","Fast"
32.4238296477239,"subj28","item18","Slow"
16.9939873967381,"subj28","item19","Fast"
32.5141443713806,"subj28","item20","Slow"
32.0261368997997,"subj28","item21","Fast"
24.477555118201,"subj28","item22","Slow"
36.5224611305418,"subj28","item23","Fast"
11.3846257557017,"subj28","item24","Slow"
43.9378338251118,"subj28","item25","Fast"
28.3450402435123,"subj28","item26","Slow"
23.7439238746397,"subj28","item27","Fast"
33.5409778783403,"subj28","item28","Slow"
4.8963416143474,"subj28","item29","Fast"
22.0910133131554,"subj28","item30","Slow"
23.2245423489345,"subj28","item31","Fast"
36.7809317781872,"subj28","item32","Slow"
31.5400698167063,"subj28","item33","Fast"
39.1177661433834,"subj28","item34","Slow"
28.9317406038425,"subj28","item35","Fast"
24.5394377316515,"subj28","item36","Slow"
31.8873048446692,"subj28","item37","Fast"
29.9542020785103,"subj28","item38","Slow"
21.9822814135256,"subj28","item39","Fast"
32.0697990932667,"subj28","item40","Slow"
26.9965324693299,"subj28","item41","Fast"
36.4893121708646,"subj28","item42","Slow"
20.1223058331393,"subj28","item43","Fast"
29.820357601114,"subj28","item44","Slow"
29.5424842557212,"subj28","item45","Fast"
32.0351186724495,"subj28","item46","Slow"
7.65352357498102,"subj28","item47","Fast"
27.7400128718769,"subj28","item48","Slow"
28.70724572392,"subj29","item1","Slow"
27.7577603733817,"subj29","item2","Fast"
27.6548141053402,"subj29","item3","Slow"
21.9775691130924,"subj29","item4","Fast"
23.8729363411526,"subj29","item5","Slow"
55.5738326307811,"subj29","item6","Fast"
34.3972582578804,"subj29","item7","Slow"
48.2177331295391,"subj29","item8","Fast"
23.2028706430263,"subj29","item9","Slow"
46.8919405369415,"subj29","item10","Fast"
38.1570243969611,"subj29","item11","Slow"
20.5988548312126,"subj29","item12","Fast"
41.8019591461939,"subj29","item13","Slow"
32.3434525688925,"subj29","item14","Fast"
33.2681453682428,"subj29","item15","Slow"
39.2392132048719,"subj29","item16","Fast"
38.758773883672,"subj29","item17","Slow"
37.5873173653723,"subj29","item18","Fast"
46.3940075990126,"subj29","item19","Slow"
25.6933354341767,"subj29","item20","Fast"
38.4200533160086,"subj29","item21","Slow"
31.4089062895466,"subj29","item22","Fast"
49.5906754526594,"subj29","item23","Slow"
37.1986304400999,"subj29","item24","Fast"
34.0741789660983,"subj29","item25","Slow"
32.6069474213924,"subj29","item26","Fast"
32.5492066920984,"subj29","item27","Slow"
45.6209878579421,"subj29","item28","Fast"
33.3207168447797,"subj29","item29","Slow"
26.1949158053469,"subj29","item30","Fast"
31.1076672570319,"subj29","item31","Slow"
24.323961831865,"subj29","item32","Fast"
32.4896562625957,"subj29","item33","Slow"
29.0909411468005,"subj29","item34","Fast"
17.0015642891298,"subj29","item35","Slow"
37.1189355884924,"subj29","item36","Fast"
26.9002414622535,"subj29","item37","Slow"
38.1220574861541,"subj29","item38","Fast"
33.3422026688971,"subj29","item39","Slow"
35.0158499385993,"subj29","item40","Fast"
50.0361079038233,"subj29","item41","Slow"
35.9761059919792,"subj29","item42","Fast"
40.2448076060589,"subj29","item43","Slow"
25.2266498780267,"subj29","item44","Fast"
43.3721900738442,"subj29","item45","Slow"
30.9857730798092,"subj29","item46","Fast"
23.9967108631196,"subj29","item47","Slow"
18.3550873947583,"subj29","item48","Fast"
38.9411338400367,"subj30","item1","Fast"
25.4294581730486,"subj30","item2","Slow"
21.8320025507503,"subj30","item3","Fast"
30.4560818466405,"subj30","item4","Slow"
33.2869065834061,"subj30","item5","Fast"
28.7643631239182,"subj30","item6","Slow"
24.3460319126381,"subj30","item7","Fast"
33.4186365640647,"subj30","item8","Slow"
25.0525210160443,"subj30","item9","Fast"
26.9383853590454,"subj30","item10","Slow"
26.6712565856215,"subj30","item11","Fast"
29.3166751928055,"subj30","item12","Slow"
26.3371082120095,"subj30","item13","Fast"
23.8591786358078,"subj30","item14","Slow"
18.7829019056946,"subj30","item15","Fast"
23.2920437390033,"subj30","item16","Slow"
33.4745584384812,"subj30","item17","Fast"
23.696237344749,"subj30","item18","Slow"
20.672163275629,"subj30","item19","Fast"
36.4678080364877,"subj30","item20","Slow"
33.1536695199027,"subj30","item21","Fast"
36.3906426517865,"subj30","item22","Slow"
33.1846013502944,"subj30","item23","Fast"
40.4664837308151,"subj30","item24","Slow"
35.8178186135028,"subj30","item25","Fast"
22.4595232076122,"subj30","item26","Slow"
25.9292071766549,"subj30","item27","Fast"
21.7519172864338,"subj30","item28","Slow"
14.9045797381136,"subj30","item29","Fast"
22.037598993347,"subj30","item30","Slow"
26.2900364321907,"subj30","item31","Fast"
16.5766349657649,"subj30","item32","Slow"
54.3873531759749,"subj30","item33","Fast"
31.8152860474906,"subj30","item34","Slow"
25.0231557265746,"subj30","item35","Fast"
30.3571794543054,"subj30","item36","Slow"
31.3873370016915,"subj30","item37","Fast"
19.9294423162467,"subj30","item38","Slow"
25.4104560840529,"subj30","item39","Fast"
19.781135405601,"subj30","item40","Slow"
29.3644828459434,"subj30","item41","Fast"
27.412918854186,"subj30","item42","Slow"
23.8200062569343,"subj30","item43","Fast"
23.5473596406228,"subj30","item44","Slow"
19.9973310012218,"subj30","item45","Fast"
29.9851428085982,"subj30","item46","Slow"
20.0356736202049,"subj30","item47","Fast"
10.7636487295047,"subj30","item48","Slow"
40.8725867732002,"subj31","item1","Slow"
25.5858056185064,"subj31","item2","Fast"
33.2552402325771,"subj31","item3","Slow"
11.4230960885274,"subj31","item4","Fast"
25.6824139137497,"subj31","item5","Slow"
29.5187926253408,"subj31","item6","Fast"
46.5152175291088,"subj31","item7","Slow"
22.4913293531689,"subj31","item8","Fast"
51.0384771089809,"subj31","item9","Slow"
37.307774399487,"subj31","item10","Fast"
28.6133161908665,"subj31","item11","Slow"
24.0280135819066,"subj31","item12","Fast"
31.3617746607628,"subj31","item13","Slow"
14.5002676287813,"subj31","item14","Fast"
34.8532303568613,"subj31","item15","Slow"
32.1632451606092,"subj31","item16","Fast"
39.6746904479151,"subj31","item17","Slow"
30.3691460296569,"subj31","item18","Fast"
23.403436461315,"subj31","item19","Slow"
35.4249484749565,"subj31","item20","Fast"
24.7228904810569,"subj31","item21","Slow"
32.2225818867724,"subj31","item22","Fast"
39.9636594755373,"subj31","item23","Slow"
38.861459759492,"subj31","item24","Fast"
18.6999947737416,"subj31","item25","Slow"
25.6219001783286,"subj31","item26","Fast"
32.5768743736099,"subj31","item27","Slow"
24.9442581058938,"subj31","item28","Fast"
23.5753286099908,"subj31","item29","Slow"
34.2787372472203,"subj31","item30","Fast"
36.0848468632516,"subj31","item31","Slow"
28.8091252675693,"subj31","item32","Fast"
42.273921887184,"subj31","item33","Slow"
33.5098913896766,"subj31","item34","Fast"
31.2996393412286,"subj31","item35","Slow"
38.7728579909249,"subj31","item36","Fast"
19.4513252887289,"subj31","item37","Slow"
20.9240233584535,"subj31","item38","Fast"
40.2580478530966,"subj31","item39","Slow"
21.0803440371338,"subj31","item40","Fast"
25.4878838368519,"subj31","item41","Slow"
32.4262329136696,"subj31","item42","Fast"
29.3640359418224,"subj31","item43","Slow"
23.6412394145268,"subj31","item44","Fast"
36.2055882122989,"subj31","item45","Slow"
48.907588353992,"subj31","item46","Fast"
31.3732639149836,"subj31","item47","Slow"
16.9597456289747,"subj31","item48","Fast"
25.6627456863703,"subj32","item1","Fast"
25.6922954978972,"subj32","item2","Slow"
20.2975165998478,"subj32","item3","Fast"
32.024091417271,"subj32","item4","Slow"
19.6594045525387,"subj32","item5","Fast"
25.0388856674141,"subj32","item6","Slow"
25.0300113129244,"subj32","item7","Fast"
28.9460451821496,"subj32","item8","Slow"
18.2033407289078,"subj32","item9","Fast"
28.7701839145149,"subj32","item10","Slow"
32.8742076001022,"subj32","item11","Fast"
28.6718073527828,"subj32","item12","Slow"
18.4920214643802,"subj32","item13","Fast"
28.7707960826237,"subj32","item14","Slow"
17.4502125193876,"subj32","item15","Fast"
30.8471238925124,"subj32","item16","Slow"
22.8170980087068,"subj32","item17","Fast"
32.2972051998285,"subj32","item18","Slow"
23.2253389990791,"subj32","item19","Fast"
20.3798413267578,"subj32","item20","Slow"
13.7755411120635,"subj32","item21","Fast"
20.385813882921,"subj32","item22","Slow"
25.9148312036182,"subj32","item23","Fast"
27.1859674060417,"subj32","item24","Slow"
38.2842595442297,"subj32","item25","Fast"
26.4745268724358,"subj32","item26","Slow"
13.8615955480385,"subj32","item27","Fast"
18.0687208342776,"subj32","item28","Slow"
0.313309659207057,"subj32","item29","Fast"
33.1817096336179,"subj32","item30","Slow"
22.5048885005197,"subj32","item31","Fast"
18.5524249368936,"subj32","item32","Slow"
22.088359344213,"subj32","item33","Fast"
30.3310186146751,"subj32","item34","Slow"
32.8439329492393,"subj32","item35","Fast"
35.2934246786891,"subj32","item36","Slow"
33.9410369448168,"subj32","item37","Fast"
18.1997065065123,"subj32","item38","Slow"
20.9347967268694,"subj32","item39","Fast"
38.4008470580231,"subj32","item40","Slow"
28.6623269517558,"subj32","item41","Fast"
20.7348741202577,"subj32","item42","Slow"
13.0352506226146,"subj32","item43","Fast"
7.91949718536966,"subj32","item44","Slow"
13.2996934859366,"subj32","item45","Fast"
27.5556651438597,"subj32","item46","Slow"
5.12563926771714,"subj32","item47","Fast"
30.0636100498546,"subj32","item48","Slow"
37.1119773385944,"subj33","item1","Slow"
32.0686474910703,"subj33","item2","Fast"
34.7996316513492,"subj33","item3","Slow"
30.4192031042421,"subj33","item4","Fast"
12.3205100962612,"subj33","item5","Slow"
30.0680446310524,"subj33","item6","Fast"
22.4140517217865,"subj33","item7","Slow"
24.5226564780667,"subj33","item8","Fast"
20.9755411861343,"subj33","item9","Slow"
42.5457747536517,"subj33","item10","Fast"
30.5495091206788,"subj33","item11","Slow"
36.5127098821871,"subj33","item12","Fast"
27.3525902953875,"subj33","item13","Slow"
25.0241830777921,"subj33","item14","Fast"
26.0804982995064,"subj33","item15","Slow"
33.3715706297638,"subj33","item16","Fast"
39.1885957234193,"subj33","item17","Slow"
22.1222305071855,"subj33","item18","Fast"
33.7508440420847,"subj33","item19","Slow"
35.5634815835659,"subj33","item20","Fast"
19.7312181634712,"subj33","item21","Slow"
18.1809354365263,"subj33","item22","Fast"
21.0275124266841,"subj33","item23","Slow"
23.5367500633436,"subj33","item24","Fast"
27.0217770457394,"subj33","item25","Slow"
34.1675805388144,"subj33","item26","Fast"
34.9276265963613,"subj33","item27","Slow"
38.497066669549,"subj33","item28","Fast"
23.0391060062361,"subj33","item29","Slow"
3.56253832195599,"subj33","item30","Fast"
27.4900524198911,"subj33","item31","Slow"
24.0955076012746,"subj33","item32","Fast"
26.4555524714255,"subj33","item33","Slow"
36.7786498214963,"subj33","item34","Fast"
38.7750692443294,"subj33","item35","Slow"
32.8672446394594,"subj33","item36","Fast"
37.2135871858481,"subj33","item37","Slow"
32.0780024674821,"subj33","item38","Fast"
39.5356564283098,"subj33","item39","Slow"
26.2818289704815,"subj33","item40","Fast"
34.518277856819,"subj33","item41","Slow"
21.76295397615,"subj33","item42","Fast"
33.3122322222409,"subj33","item43","Slow"
26.8405159421832,"subj33","item44","Fast"
44.2320162810551,"subj33","item45","Slow"
32.2674518283837,"subj33","item46","Fast"
27.31538623936,"subj33","item47","Slow"
11.0535228002504,"subj33","item48","Fast"
37.3246811567744,"subj34","item1","Fast"
26.4074627904137,"subj34","item2","Slow"
20.0034192924056,"subj34","item3","Fast"
36.9612253261212,"subj34","item4","Slow"
51.1289552053567,"subj34","item5","Fast"
26.7224301075094,"subj34","item6","Slow"
30.5840205721691,"subj34","item7","Fast"
23.6095940564057,"subj34","item8","Slow"
15.0647023855606,"subj34","item9","Fast"
26.7134576953373,"subj34","item10","Slow"
35.0689252676117,"subj34","item11","Fast"
44.9459355655625,"subj34","item12","Slow"
12.2252618686726,"subj34","item13","Fast"
29.2293608638381,"subj34","item14","Slow"
19.6739481406503,"subj34","item15","Fast"
29.8722951111871,"subj34","item16","Slow"
29.5998237053591,"subj34","item17","Fast"
31.9653116380182,"subj34","item18","Slow"
26.2424391321589,"subj34","item19","Fast"
37.9864610408228,"subj34","item20","Slow"
31.8424048975766,"subj34","item21","Fast"
17.45041546061,"subj34","item22","Slow"
27.0111828873062,"subj34","item23","Fast"
15.4638869425529,"subj34","item24","Slow"
37.3782003829855,"subj34","item25","Fast"
26.6814503965797,"subj34","item26","Slow"
22.9227101407738,"subj34","item27","Fast"
28.3791991779014,"subj34","item28","Slow"
22.390583489462,"subj34","item29","Fast"
27.1557532653614,"subj34","item30","Slow"
9.63294567925857,"subj34","item31","Fast"
22.8984601291105,"subj34","item32","Slow"
52.3399953811919,"subj34","item33","Fast"
32.7467242169579,"subj34","item34","Slow"
39.8148984800163,"subj34","item35","Fast"
25.0979043331521,"subj34","item36","Slow"
32.9891813768107,"subj34","item37","Fast"
33.6811475718783,"subj34","item38","Slow"
36.226954857591,"subj34","item39","Fast"
32.3665996302746,"subj34","item40","Slow"
28.9871068026767,"subj34","item41","Fast"
35.6255472782754,"subj34","item42","Slow"
14.1228740681641,"subj34","item43","Fast"
25.4976504470726,"subj34","item44","Slow"
37.5212322011798,"subj34","item45","Fast"
42.6456705386219,"subj34","item46","Slow"
16.9599773793259,"subj34","item47","Fast"
38.9056848037441,"subj34","item48","Slow"
28.0950144774824,"subj35","item1","Slow"
35.1112023414593,"subj35","item2","Fast"
37.7257816400631,"subj35","item3","Slow"
15.2693491746481,"subj35","item4","Fast"
33.660371084602,"subj35","item5","Slow"
29.5835392192831,"subj35","item6","Fast"
34.3090939805682,"subj35","item7","Slow"
43.6473200399776,"subj35","item8","Fast"
29.9177447062908,"subj35","item9","Slow"
27.620675037481,"subj35","item10","Fast"
42.5763498886273,"subj35","item11","Slow"
31.4885579723522,"subj35","item12","Fast"
29.880918018273,"subj35","item13","Slow"
21.02248308533,"subj35","item14","Fast"
24.4597587451732,"subj35","item15","Slow"
19.1497965028359,"subj35","item16","Fast"
28.492330542145,"subj35","item17","Slow"
12.4903371370843,"subj35","item18","Fast"
31.0174594578322,"subj35","item19","Slow"
27.5795953131912,"subj35","item20","Fast"
8.5859734200039,"subj35","item21","Slow"
33.8790793074688,"subj35","item22","Fast"
27.9109811405172,"subj35","item23","Slow"
28.032447469732,"subj35","item24","Fast"
17.1187495795353,"subj35","item25","Slow"
25.7280409918387,"subj35","item26","Fast"
18.3225033041532,"subj35","item27","Slow"
19.8101443015198,"subj35","item28","Fast"
16.6337094588101,"subj35","item29","Slow"
24.9823073056156,"subj35","item30","Fast"
22.6285054078618,"subj35","item31","Slow"
42.6958886197195,"subj35","item32","Fast"
43.3991124660845,"subj35","item33","Slow"
38.5025817656936,"subj35","item34","Fast"
32.2528207648257,"subj35","item35","Slow"
44.4801075215767,"subj35","item36","Fast"
29.2244842747129,"subj35","item37","Slow"
16.4304317162234,"subj35","item38","Fast"
25.6668600061361,"subj35","item39","Slow"
25.8874462977684,"subj35","item40","Fast"
22.0760617790494,"subj35","item41","Slow"
23.5713138203942,"subj35","item42","Fast"
20.6631866255838,"subj35","item43","Slow"
32.8906786943707,"subj35","item44","Fast"
30.9192145767871,"subj35","item45","Slow"
45.4566536737709,"subj35","item46","Fast"
35.5246065863587,"subj35","item47","Slow"
37.2268242060891,"subj35","item48","Fast"
34.3224087734173,"subj36","item1","Fast"
41.4589633485401,"subj36","item2","Slow"
29.5032605320593,"subj36","item3","Fast"
23.7817390451598,"subj36","item4","Slow"
53.3932453677023,"subj36","item5","Fast"
32.9850951772594,"subj36","item6","Slow"
41.9829174061075,"subj36","item7","Fast"
46.1767731721304,"subj36","item8","Slow"
48.4063524486808,"subj36","item9","Fast"
33.2502171615565,"subj36","item10","Slow"
30.4163548234633,"subj36","item11","Fast"
51.9147016154608,"subj36","item12","Slow"
32.9865671041824,"subj36","item13","Fast"
43.1243877497408,"subj36","item14","Slow"
29.5740613854958,"subj36","item15","Fast"
48.7725783893505,"subj36","item16","Slow"
42.6535914206174,"subj36","item17","Fast"
35.7735617634231,"subj36","item18","Slow"
24.9212176100526,"subj36","item19","Fast"
31.441132003636,"subj36","item20","Slow"
35.9962881399775,"subj36","item21","Fast"
42.4070663052752,"subj36","item22","Slow"
34.5547909590579,"subj36","item23","Fast"
26.1785341122056,"subj36","item24","Slow"
45.4482324498482,"subj36","item25","Fast"
41.4141269311748,"subj36","item26","Slow"
28.8499560120898,"subj36","item27","Fast"
51.7125414741589,"subj36","item28","Slow"
19.0037526330158,"subj36","item29","Fast"
45.4514455470371,"subj36","item30","Slow"
47.6493093866572,"subj36","item31","Fast"
27.5714771558185,"subj36","item32","Slow"
42.5319921210853,"subj36","item33","Fast"
34.2060756520355,"subj36","item34","Slow"
38.1538149426846,"subj36","item35","Fast"
29.4200632605775,"subj36","item36","Slow"
50.943960788993,"subj36","item37","Fast"
43.3484598484851,"subj36","item38","Slow"
43.3142575447938,"subj36","item39","Fast"
39.851077204607,"subj36","item40","Slow"
37.6941682097858,"subj36","item41","Fast"
45.1348370901149,"subj36","item42","Slow"
24.9772465420534,"subj36","item43","Fast"
42.701333561361,"subj36","item44","Slow"
34.3254337763456,"subj36","item45","Fast"
38.367800322561,"subj36","item46","Slow"
18.8095328656238,"subj36","item47","Fast"
20.4799233314176,"subj36","item48","Slow"
36.7075452068366,"subj37","item1","Slow"
29.5018189041925,"subj37","item2","Fast"
28.6424835565005,"subj37","item3","Slow"
18.5373112110217,"subj37","item4","Fast"
32.3249819713519,"subj37","item5","Slow"
36.0551952329217,"subj37","item6","Fast"
30.3770800397037,"subj37","item7","Slow"
23.8551781415545,"subj37","item8","Fast"
27.8707831783454,"subj37","item9","Slow"
46.0816395225355,"subj37","item10","Fast"
28.8044948246722,"subj37","item11","Slow"
20.6171520184778,"subj37","item12","Fast"
34.632062425961,"subj37","item13","Slow"
26.777807522158,"subj37","item14","Fast"
27.6571686131083,"subj37","item15","Slow"
44.4493913992351,"subj37","item16","Fast"
32.4572173975146,"subj37","item17","Slow"
32.0027823274038,"subj37","item18","Fast"
35.7487806545561,"subj37","item19","Slow"
21.4706628231944,"subj37","item20","Fast"
12.8734358208419,"subj37","item21","Slow"
33.8220935906579,"subj37","item22","Fast"
36.8585423040627,"subj37","item23","Slow"
22.9614738753683,"subj37","item24","Fast"
26.1988854563978,"subj37","item25","Slow"
38.0883531644992,"subj37","item26","Fast"
30.6335645006822,"subj37","item27","Slow"
30.0252859202007,"subj37","item28","Fast"
30.2619136653049,"subj37","item29","Slow"
3.09108994445978,"subj37","item30","Fast"
35.4291148329266,"subj37","item31","Slow"
15.9693506219049,"subj37","item32","Fast"
20.1966081490808,"subj37","item33","Slow"
40.0713578725952,"subj37","item34","Fast"
22.8808294168082,"subj37","item35","Slow"
30.2842399278358,"subj37","item36","Fast"
38.8699149091335,"subj37","item37","Slow"
32.7790524654973,"subj37","item38","Fast"
38.3472574876271,"subj37","item39","Slow"
20.3892452530741,"subj37","item40","Fast"
28.746798337872,"subj37","item41","Slow"
30.9104967586404,"subj37","item42","Fast"
31.8996623051695,"subj37","item43","Slow"
28.8872640250408,"subj37","item44","Fast"
33.693556267886,"subj37","item45","Slow"
44.5194541532062,"subj37","item46","Fast"
28.8407117504504,"subj37","item47","Slow"
18.2482163094492,"subj37","item48","Fast"
38.9434756852441,"subj38","item1","Fast"
43.0144079034933,"subj38","item2","Slow"
43.63329931592,"subj38","item3","Fast"
14.3177240463786,"subj38","item4","Slow"
40.5135268860128,"subj38","item5","Fast"
29.0184970267838,"subj38","item6","Slow"
19.3641427249876,"subj38","item7","Fast"
27.0486408319522,"subj38","item8","Slow"
21.0947846529656,"subj38","item9","Fast"
26.1380509522417,"subj38","item10","Slow"
26.6268774880851,"subj38","item11","Fast"
43.1562909245626,"subj38","item12","Slow"
9.43654045983348,"subj38","item13","Fast"
18.680543187664,"subj38","item14","Slow"
8.74105606890856,"subj38","item15","Fast"
32.4761391783346,"subj38","item16","Slow"
32.9586871321909,"subj38","item17","Fast"
36.704383258579,"subj38","item18","Slow"
54.872859179733,"subj38","item19","Fast"
29.5993849046572,"subj38","item20","Slow"
23.7032426607277,"subj38","item21","Fast"
22.5476845576325,"subj38","item22","Slow"
27.9077207127678,"subj38","item23","Fast"
32.9285648715736,"subj38","item24","Slow"
46.3788979423085,"subj38","item25","Fast"
32.1154670175336,"subj38","item26","Slow"
13.5273445356556,"subj38","item27","Fast"
23.8099716120102,"subj38","item28","Slow"
15.3245870807176,"subj38","item29","Fast"
29.9994966459638,"subj38","item30","Slow"
28.8221376314263,"subj38","item31","Fast"
27.1820500155399,"subj38","item32","Slow"
28.1753381335911,"subj38","item33","Fast"
27.2282871913349,"subj38","item34","Slow"
24.5079903490481,"subj38","item35","Fast"
36.960571388053,"subj38","item36","Slow"
50.8704913421022,"subj38","item37","Fast"
34.4292960090316,"subj38","item38","Slow"
15.8379676688559,"subj38","item39","Fast"
34.4671421932511,"subj38","item40","Slow"
40.8744881902124,"subj38","item41","Fast"
25.0158453134033,"subj38","item42","Slow"
19.3192343075943,"subj38","item43","Fast"
26.9852814623155,"subj38","item44","Slow"
24.8290283065314,"subj38","item45","Fast"
32.9641490994188,"subj38","item46","Slow"
14.9609993581021,"subj38","item47","Fast"
16.6465215810504,"subj38","item48","Slow"
36.3261920419816,"subj39","item1","Slow"
17.686129056549,"subj39","item2","Fast"
29.280090742735,"subj39","item3","Slow"
22.1522709928986,"subj39","item4","Fast"
33.7859627153038,"subj39","item5","Slow"
36.0280992109975,"subj39","item6","Fast"
13.275090706412,"subj39","item7","Slow"
28.9725498425584,"subj39","item8","Fast"
36.1272200097929,"subj39","item9","Slow"
35.212903401945,"subj39","item10","Fast"
23.2229759621165,"subj39","item11","Slow"
24.6921100595351,"subj39","item12","Fast"
26.1949465753564,"subj39","item13","Slow"
22.0850305364746,"subj39","item14","Fast"
36.2814759965253,"subj39","item15","Slow"
23.062666419245,"subj39","item16","Fast"
21.6972142766636,"subj39","item17","Slow"
23.825738094597,"subj39","item18","Fast"
29.7347780164751,"subj39","item19","Slow"
30.4847715694506,"subj39","item20","Fast"
32.0664038301748,"subj39","item21","Slow"
14.1254798122638,"subj39","item22","Fast"
43.9397820346158,"subj39","item23","Slow"
28.5962273444822,"subj39","item24","Fast"
31.3549279115198,"subj39","item25","Slow"
30.8299209725321,"subj39","item26","Fast"
18.2952328512333,"subj39","item27","Slow"
23.1643008798713,"subj39","item28","Fast"
16.4574531977635,"subj39","item29","Slow"
22.8389450829668,"subj39","item30","Fast"
21.7793461607989,"subj39","item31","Slow"
27.1327217249462,"subj39","item32","Fast"
36.5457748439535,"subj39","item33","Slow"
33.1929936238291,"subj39","item34","Fast"
18.9696079358891,"subj39","item35","Slow"
32.3496042443475,"subj39","item36","Fast"
27.5192407003892,"subj39","item37","Slow"
35.9951552549842,"subj39","item38","Fast"
24.1814951419204,"subj39","item39","Slow"
28.2086840533165,"subj39","item40","Fast"
27.4314320918248,"subj39","item41","Slow"
20.1004248204558,"subj39","item42","Fast"
24.0397174070232,"subj39","item43","Slow"
34.7364172675472,"subj39","item44","Fast"
28.5905711546548,"subj39","item45","Slow"
46.5593697040942,"subj39","item46","Fast"
29.4668968394413,"subj39","item47","Slow"
24.2407838263861,"subj39","item48","Fast"
23.8467025087742,"subj40","item1","Fast"
28.9900360160562,"subj40","item2","Slow"
32.6537366672738,"subj40","item3","Fast"
33.679025564136,"subj40","item4","Slow"
44.488549012678,"subj40","item5","Fast"
43.6717745765958,"subj40","item6","Slow"
36.7616673911591,"subj40","item7","Fast"
29.2586295308844,"subj40","item8","Slow"
35.1322184101885,"subj40","item9","Fast"
42.5468151673698,"subj40","item10","Slow"
14.7527398452242,"subj40","item11","Fast"
30.1022110821103,"subj40","item12","Slow"
26.8713006041576,"subj40","item13","Fast"
31.5363608578628,"subj40","item14","Slow"
27.2368274673864,"subj40","item15","Fast"
40.3043943181222,"subj40","item16","Slow"
48.364034359086,"subj40","item17","Fast"
33.687297892436,"subj40","item18","Slow"
45.640077180564,"subj40","item19","Fast"
33.7780132817123,"subj40","item20","Slow"
29.6963594195334,"subj40","item21","Fast"
37.0580101608251,"subj40","item22","Slow"
32.8091400282526,"subj40","item23","Fast"
37.3970578492184,"subj40","item24","Slow"
41.8395542241717,"subj40","item25","Fast"
36.0443759978891,"subj40","item26","Slow"
47.4266092968724,"subj40","item27","Fast"
28.2053756876709,"subj40","item28","Slow"
17.7979640936894,"subj40","item29","Fast"
38.792359476246,"subj40","item30","Slow"
42.4579293628534,"subj40","item31","Fast"
47.7561632226127,"subj40","item32","Slow"
45.2648758039461,"subj40","item33","Fast"
29.0989022764841,"subj40","item34","Slow"
30.7879706583945,"subj40","item35","Fast"
29.2945747782688,"subj40","item36","Slow"
36.229757675436,"subj40","item37","Fast"
30.8491228333547,"subj40","item38","Slow"
17.6320705037948,"subj40","item39","Fast"
12.596880777194,"subj40","item40","Slow"
34.0361269755422,"subj40","item41","Fast"
27.5816089514206,"subj40","item42","Slow"
27.5696550611935,"subj40","item43","Fast"
26.5624169623688,"subj40","item44","Slow"
37.1656295035496,"subj40","item45","Fast"
31.1347928882378,"subj40","item46","Slow"
20.3792917828612,"subj40","item47","Fast"
44.2477152869582,"subj40","item48","Slow"
24.60825380457,"subj41","item1","Slow"
27.2386425495013,"subj41","item2","Fast"
27.7658994599543,"subj41","item3","Slow"
-2.64057023286149,"subj41","item4","Fast"
37.7284329708423,"subj41","item5","Slow"
41.1121914219141,"subj41","item6","Fast"
13.8146469608761,"subj41","item7","Slow"
14.467956319496,"subj41","item8","Fast"
18.0311076352478,"subj41","item9","Slow"
19.959274716359,"subj41","item10","Fast"
26.3922279751371,"subj41","item11","Slow"
34.8328032658521,"subj41","item12","Fast"
23.8980229039887,"subj41","item13","Slow"
14.349234295856,"subj41","item14","Fast"
29.8047639845191,"subj41","item15","Slow"
35.5805132332483,"subj41","item16","Fast"
34.7467832330722,"subj41","item17","Slow"
24.7712827215617,"subj41","item18","Fast"
31.9196666267687,"subj41","item19","Slow"
33.0904332823521,"subj41","item20","Fast"
29.9946869648155,"subj41","item21","Slow"
15.1378432930009,"subj41","item22","Fast"
28.6019556141808,"subj41","item23","Slow"
11.0357970739443,"subj41","item24","Fast"
28.6132144079644,"subj41","item25","Slow"
16.2643764427343,"subj41","item26","Fast"
27.8558233628742,"subj41","item27","Slow"
24.8526776266165,"subj41","item28","Fast"
18.1778901284131,"subj41","item29","Slow"
20.2443176996802,"subj41","item30","Fast"
26.5000673457645,"subj41","item31","Slow"
25.1099074684532,"subj41","item32","Fast"
11.5815448328466,"subj41","item33","Slow"
35.2326598641799,"subj41","item34","Fast"
34.5181162358746,"subj41","item35","Slow"
39.1309401245731,"subj41","item36","Fast"
31.7348166032837,"subj41","item37","Slow"
11.5240763236034,"subj41","item38","Fast"
24.3098983260355,"subj41","item39","Slow"
20.2072878897641,"subj41","item40","Fast"
2.31180915564726,"subj41","item41","Slow"
28.2955359796343,"subj41","item42","Fast"
20.7137925254179,"subj41","item43","Slow"
29.432030994322,"subj41","item44","Fast"
28.4652364210977,"subj41","item45","Slow"
38.8466416601408,"subj41","item46","Fast"
25.4140079612151,"subj41","item47","Slow"
18.4416454110638,"subj41","item48","Fast"
31.9187502584429,"subj42","item1","Fast"
32.5996081896206,"subj42","item2","Slow"
16.9005852599425,"subj42","item3","Fast"
35.0367143159811,"subj42","item4","Slow"
36.8502491380951,"subj42","item5","Fast"
45.3616542412352,"subj42","item6","Slow"
36.0866155905414,"subj42","item7","Fast"
51.2751078794945,"subj42","item8","Slow"
32.8564448253574,"subj42","item9","Fast"
24.927642306677,"subj42","item10","Slow"
32.1450829547987,"subj42","item11","Fast"
38.2275811605552,"subj42","item12","Slow"
23.3102179524712,"subj42","item13","Fast"
19.3575689832489,"subj42","item14","Slow"
13.670790187518,"subj42","item15","Fast"
22.8769640994089,"subj42","item16","Slow"
34.3089808693955,"subj42","item17","Fast"
48.7478347225824,"subj42","item18","Slow"
25.6408695748257,"subj42","item19","Fast"
39.1917027575855,"subj42","item20","Slow"
30.8855846861277,"subj42","item21","Fast"
38.1094766311815,"subj42","item22","Slow"
43.5634178253187,"subj42","item23","Fast"
34.8277497145499,"subj42","item24","Slow"
17.6455607162069,"subj42","item25","Fast"
45.9564095846497,"subj42","item26","Slow"
27.3348962750631,"subj42","item27","Fast"
36.1460177228605,"subj42","item28","Slow"
16.8609254693197,"subj42","item29","Fast"
40.0595652729937,"subj42","item30","Slow"
32.6613304765375,"subj42","item31","Fast"
22.4128938814817,"subj42","item32","Slow"
45.7474358240288,"subj42","item33","Fast"
43.3634531565946,"subj42","item34","Slow"
35.9174429136031,"subj42","item35","Fast"
25.6641111269863,"subj42","item36","Slow"
34.6730006821842,"subj42","item37","Fast"
46.4816255259647,"subj42","item38","Slow"
18.599594666847,"subj42","item39","Fast"
47.3849445996371,"subj42","item40","Slow"
42.1578329237983,"subj42","item41","Fast"
27.9118154236255,"subj42","item42","Slow"
17.5943084878128,"subj42","item43","Fast"
22.527630521374,"subj42","item44","Slow"
37.1168326802511,"subj42","item45","Fast"
35.4518207348234,"subj42","item46","Slow"
26.9330194598981,"subj42","item47","Fast"
43.9995045990555,"subj42","item48","Slow"
33.2810833030237,"subj43","item1","Slow"
30.232418428418,"subj43","item2","Fast"
28.2827429879444,"subj43","item3","Slow"
17.7898245373734,"subj43","item4","Fast"
23.808179886109,"subj43","item5","Slow"
35.1570903366646,"subj43","item6","Fast"
33.9382062534306,"subj43","item7","Slow"
24.4178846637097,"subj43","item8","Fast"
36.5689268467624,"subj43","item9","Slow"
30.8865205983824,"subj43","item10","Fast"
30.6378126830688,"subj43","item11","Slow"
35.759433363149,"subj43","item12","Fast"
24.9230461884018,"subj43","item13","Slow"
27.9797113959432,"subj43","item14","Fast"
30.0157018913754,"subj43","item15","Slow"
31.8338471751425,"subj43","item16","Fast"
31.7819356782087,"subj43","item17","Slow"
31.4548309066952,"subj43","item18","Fast"
31.9453310688537,"subj43","item19","Slow"
30.4598953112302,"subj43","item20","Fast"
36.8336858814833,"subj43","item21","Slow"
44.2248949592813,"subj43","item22","Fast"
21.007326286156,"subj43","item23","Slow"
27.6872032108762,"subj43","item24","Fast"
21.0176384179077,"subj43","item25","Slow"
15.4042881494774,"subj43","item26","Fast"
19.2761924838499,"subj43","item27","Slow"
35.4393990062626,"subj43","item28","Fast"
38.7347444739562,"subj43","item29","Slow"
28.1889414970052,"subj43","item30","Fast"
23.6311032882494,"subj43","item31","Slow"
24.0769110966091,"subj43","item32","Fast"
35.2730415310643,"subj43","item33","Slow"
26.9726672203208,"subj43","item34","Fast"
27.2667058434419,"subj43","item35","Slow"
24.8310572292086,"subj43","item36","Fast"
26.540613345957,"subj43","item37","Slow"
43.7642575013881,"subj43","item38","Fast"
39.1804131660583,"subj43","item39","Slow"
20.0067910063025,"subj43","item40","Fast"
30.8710580258941,"subj43","item41","Slow"
30.953891703755,"subj43","item42","Fast"
35.8420749746473,"subj43","item43","Slow"
30.7284402853708,"subj43","item44","Fast"
32.7526974334353,"subj43","item45","Slow"
42.0046517812715,"subj43","item46","Fast"
19.3265409036521,"subj43","item47","Slow"
20.0779635686773,"subj43","item48","Fast"
45.8627203557928,"subj44","item1","Fast"
43.3026747231674,"subj44","item2","Slow"
29.2078559782682,"subj44","item3","Fast"
39.9467655562927,"subj44","item4","Slow"
54.1858506156442,"subj44","item5","Fast"
46.0694447782048,"subj44","item6","Slow"
17.1598324555036,"subj44","item7","Fast"
46.2749034363714,"subj44","item8","Slow"
44.8146834746183,"subj44","item9","Fast"
30.8632151180994,"subj44","item10","Slow"
25.478380933549,"subj44","item11","Fast"
40.6802648712738,"subj44","item12","Slow"
25.6168907101302,"subj44","item13","Fast"
32.1373719684873,"subj44","item14","Slow"
35.1834169145221,"subj44","item15","Fast"
51.2176422230775,"subj44","item16","Slow"
46.7898592429687,"subj44","item17","Fast"
44.4140861590571,"subj44","item18","Slow"
34.9901643986292,"subj44","item19","Fast"
49.4797399592954,"subj44","item20","Slow"
32.0703569238627,"subj44","item21","Fast"
41.6832241348212,"subj44","item22","Slow"
30.4407742962806,"subj44","item23","Fast"
30.9212953420745,"subj44","item24","Slow"
49.212343004474,"subj44","item25","Fast"
24.1958803289897,"subj44","item26","Slow"
36.8078309958885,"subj44","item27","Fast"
37.3575054978835,"subj44","item28","Slow"
13.8481583948631,"subj44","item29","Fast"
40.1930058726107,"subj44","item30","Slow"
38.9649507364115,"subj44","item31","Fast"
40.2840803212942,"subj44","item32","Slow"
41.6562410256462,"subj44","item33","Fast"
33.0361952502408,"subj44","item34","Slow"
48.8887186715652,"subj44","item35","Fast"
36.4664178026363,"subj44","item36","Slow"
50.091642994321,"subj44","item37","Fast"
38.597559775496,"subj44","item38","Slow"
35.0659161297864,"subj44","item39","Fast"
38.3222349440995,"subj44","item40","Slow"
35.2623560424305,"subj44","item41","Fast"
24.6310499832418,"subj44","item42","Slow"
32.7838508873398,"subj44","item43","Fast"
46.280401828256,"subj44","item44","Slow"
26.7482496037917,"subj44","item45","Fast"
23.7754173094818,"subj44","item46","Slow"
24.0398870948481,"subj44","item47","Fast"
18.6579882572675,"subj44","item48","Slow"
13.2776719637104,"subj45","item1","Slow"
31.4253407149833,"subj45","item2","Fast"
26.1986870759106,"subj45","item3","Slow"
15.3074343133469,"subj45","item4","Fast"
17.6519418280369,"subj45","item5","Slow"
38.8729818900764,"subj45","item6","Fast"
19.0619085513064,"subj45","item7","Slow"
43.3193698867168,"subj45","item8","Fast"
28.4051502446079,"subj45","item9","Slow"
33.5179986465683,"subj45","item10","Fast"
20.1359420254566,"subj45","item11","Slow"
35.0986931707942,"subj45","item12","Fast"
17.2212371430285,"subj45","item13","Slow"
17.7345160034295,"subj45","item14","Fast"
27.1384550748698,"subj45","item15","Slow"
34.1863246102064,"subj45","item16","Fast"
28.0914700852089,"subj45","item17","Slow"
23.0452544816893,"subj45","item18","Fast"
14.3784902258843,"subj45","item19","Slow"
31.4608783445172,"subj45","item20","Fast"
20.8591742304116,"subj45","item21","Slow"
21.6887699171754,"subj45","item22","Fast"
29.3428893104863,"subj45","item23","Slow"
27.4431842390768,"subj45","item24","Fast"
37.6255143273096,"subj45","item25","Slow"
37.957993336962,"subj45","item26","Fast"
31.3820845928219,"subj45","item27","Slow"
36.5816889813029,"subj45","item28","Fast"
18.0412010831185,"subj45","item29","Slow"
24.6584694697875,"subj45","item30","Fast"
26.4967257109379,"subj45","item31","Slow"
35.2800369362878,"subj45","item32","Fast"
32.5676533596939,"subj45","item33","Slow"
31.1483372703066,"subj45","item34","Fast"
26.5469578594231,"subj45","item35","Slow"
24.4042132907007,"subj45","item36","Fast"
29.6725898485822,"subj45","item37","Slow"
35.8223470206221,"subj45","item38","Fast"
22.5728419428762,"subj45","item39","Slow"
5.86572447060289,"subj45","item40","Fast"
37.0453646679884,"subj45","item41","Slow"
29.8173335766897,"subj45","item42","Fast"
39.4079693793049,"subj45","item43","Slow"
18.8499116102176,"subj45","item44","Fast"
27.4051393919177,"subj45","item45","Slow"
32.3473325852568,"subj45","item46","Fast"
23.3846336341178,"subj45","item47","Slow"
14.8714704399999,"subj45","item48","Fast"
31.5091137605547,"subj46","item1","Fast"
36.604451789641,"subj46","item2","Slow"
49.1860197870877,"subj46","item3","Fast"
53.3161817186665,"subj46","item4","Slow"
48.6001874288884,"subj46","item5","Fast"
51.2492001179421,"subj46","item6","Slow"
40.7062982626597,"subj46","item7","Fast"
23.1012554970324,"subj46","item8","Slow"
36.8891372127638,"subj46","item9","Fast"
29.6767393026884,"subj46","item10","Slow"
41.4965246333286,"subj46","item11","Fast"
23.4489629387353,"subj46","item12","Slow"
14.2369103837474,"subj46","item13","Fast"
34.1103515389288,"subj46","item14","Slow"
21.3739440384978,"subj46","item15","Fast"
21.1414152055448,"subj46","item16","Slow"
47.522440197434,"subj46","item17","Fast"
47.4316890567059,"subj46","item18","Slow"
26.7114178120616,"subj46","item19","Fast"
29.529775731212,"subj46","item20","Slow"
49.4516005562216,"subj46","item21","Fast"
38.1272503718066,"subj46","item22","Slow"
31.7621753187833,"subj46","item23","Fast"
33.8450394243865,"subj46","item24","Slow"
41.6146238045856,"subj46","item25","Fast"
41.439453528383,"subj46","item26","Slow"
25.1278763804947,"subj46","item27","Fast"
37.7673722418649,"subj46","item28","Slow"
30.4363699851549,"subj46","item29","Fast"
28.232262020933,"subj46","item30","Slow"
34.7900404547944,"subj46","item31","Fast"
40.0755458416838,"subj46","item32","Slow"
51.5826383446111,"subj46","item33","Fast"
29.2422751280345,"subj46","item34","Slow"
38.3543394094357,"subj46","item35","Fast"
27.2736135927991,"subj46","item36","Slow"
64.393899600675,"subj46","item37","Fast"
35.3437902592806,"subj46","item38","Slow"
41.3891456055502,"subj46","item39","Fast"
38.4030837938471,"subj46","item40","Slow"
42.4467039885847,"subj46","item41","Fast"
27.6510587184207,"subj46","item42","Slow"
27.1507826919925,"subj46","item43","Fast"
35.3420690013391,"subj46","item44","Slow"
19.8466204182059,"subj46","item45","Fast"
31.9940355571775,"subj46","item46","Slow"
26.973024751938,"subj46","item47","Fast"
38.1790334540185,"subj46","item48","Slow"
19.7231387684003,"subj47","item1","Slow"
34.093031395237,"subj47","item2","Fast"
33.0890133432133,"subj47","item3","Slow"
23.2771780998757,"subj47","item4","Fast"
18.1267799050988,"subj47","item5","Slow"
31.0116393177005,"subj47","item6","Fast"
31.2076382517807,"subj47","item7","Slow"
15.3680022510764,"subj47","item8","Fast"
32.188528128447,"subj47","item9","Slow"
40.2423112086815,"subj47","item10","Fast"
46.6319201963005,"subj47","item11","Slow"
29.3251566994764,"subj47","item12","Fast"
28.4210985366771,"subj47","item13","Slow"
37.4419170966076,"subj47","item14","Fast"
25.6226846750733,"subj47","item15","Slow"
36.311608032264,"subj47","item16","Fast"
24.2752601770842,"subj47","item17","Slow"
24.7328672034722,"subj47","item18","Fast"
26.286030597979,"subj47","item19","Slow"
29.5092091420029,"subj47","item20","Fast"
50.96043792604,"subj47","item21","Slow"
33.3570588004586,"subj47","item22","Fast"
27.0882567999267,"subj47","item23","Slow"
43.124098587815,"subj47","item24","Fast"
35.9190430731996,"subj47","item25","Slow"
18.9981360269672,"subj47","item26","Fast"
38.7863550224631,"subj47","item27","Slow"
42.7849995887246,"subj47","item28","Fast"
22.6430212425864,"subj47","item29","Slow"
26.1800120572711,"subj47","item30","Fast"
22.3741245094383,"subj47","item31","Slow"
28.0043116702267,"subj47","item32","Fast"
47.4282507145615,"subj47","item33","Slow"
39.8343779582633,"subj47","item34","Fast"
30.6811771900228,"subj47","item35","Slow"
32.3005630615165,"subj47","item36","Fast"
21.9560139727885,"subj47","item37","Slow"
20.3390800540607,"subj47","item38","Fast"
27.7649060753327,"subj47","item39","Slow"
16.9638305764688,"subj47","item40","Fast"
31.7883434471487,"subj47","item41","Slow"
32.0269211169567,"subj47","item42","Fast"
36.4642695317926,"subj47","item43","Slow"
11.4996289096793,"subj47","item44","Fast"
38.0108705549951,"subj47","item45","Slow"
43.1572381819022,"subj47","item46","Fast"
34.6810870916739,"subj47","item47","Slow"
8.55045932589121,"subj47","item48","Fast"
25.982808175053,"subj48","item1","Fast"
32.4409889004634,"subj48","item2","Slow"
17.0512401067892,"subj48","item3","Fast"
25.5278069692807,"subj48","item4","Slow"
28.6968239199952,"subj48","item5","Fast"
18.0383015459309,"subj48","item6","Slow"
20.5069728709529,"subj48","item7","Fast"
31.9921990527751,"subj48","item8","Slow"
20.6526362680302,"subj48","item9","Fast"
18.9339287421946,"subj48","item10","Slow"
15.6773027272033,"subj48","item11","Fast"
33.5457129102793,"subj48","item12","Slow"
16.0045288583548,"subj48","item13","Fast"
33.9997350541012,"subj48","item14","Slow"
15.7180641498848,"subj48","item15","Fast"
18.9841535216478,"subj48","item16","Slow"
19.1758697279994,"subj48","item17","Fast"
19.0386685646574,"subj48","item18","Slow"
23.6661886055423,"subj48","item19","Fast"
21.2719395086833,"subj48","item20","Slow"
25.749253414362,"subj48","item21","Fast"
15.4506166559951,"subj48","item22","Slow"
12.4980301028103,"subj48","item23","Fast"
25.4403192480131,"subj48","item24","Slow"
19.5647234171325,"subj48","item25","Fast"
32.6365296431335,"subj48","item26","Slow"
14.8144272730146,"subj48","item27","Fast"
9.45565142113826,"subj48","item28","Slow"
3.44464678591713,"subj48","item29","Fast"
33.1944056263919,"subj48","item30","Slow"
21.1210973966773,"subj48","item31","Fast"
32.3610620016332,"subj48","item32","Slow"
27.1370678472588,"subj48","item33","Fast"
20.3212028199164,"subj48","item34","Slow"
21.7887120130687,"subj48","item35","Fast"
20.5135155908948,"subj48","item36","Slow"
29.6468191708534,"subj48","item37","Fast"
29.4180012193347,"subj48","item38","Slow"
-0.565960060992772,"subj48","item39","Fast"
24.7958593933436,"subj48","item40","Slow"
18.47918989552,"subj48","item41","Fast"
28.866821540886,"subj48","item42","Slow"
20.0346875999477,"subj48","item43","Fast"
17.8268678973134,"subj48","item44","Slow"
17.785639454547,"subj48","item45","Fast"
23.8490641161078,"subj48","item46","Slow"
15.0659635938926,"subj48","item47","Fast"
23.3493942916075,"subj48","item48","Slow"
